TARGET_FID_12,GEOID_D,FIPS,POC Population (Prop),Median Household Income,Ttl_Und,Unemployed Population (Prop),Stop Frequency (SEP 20),FreqAug19,FreqPandemic
1,14000US08014030200,8014030200,0.065073716,77159,394,0.240097502,646,1251,1193
2,14000US08035014504,8035014504,0.045039303,68093,961,0.264884234,0,0,0
3,14000US08013013503,8013013503,0.160141028,49213,1050,0.251919386,372,1082,900
4,14000US08014030600,8014030600,0.086168164,83429,1451,0.301977107,0,588,294
5,14000US08005006501,8005006501,0.155373328,47743,634,0.303059273,2217,5762,5111
6,14000US08005006857,8005006857,0.164133739,146875,499,0.265143464,106,126,177
7,14000US08123001906,8123001906,0.108272506,67578,337,0.262256809,0,0,0
8,14000US08123002010,8123002010,0.103080082,60329,506,0.288483466,0,0,0
9,14000US08001008529,8001008529,0.149827229,65375,1216,0.208827065,1027,1394,1367
10,14000US08005007107,8005007107,0.221550357,125203,1646,0.238343469,322,812,728
11,14000US08005007103,8005007103,0.134382567,108365,271,0.196092619,0,0,0
12,14000US08005080500,8005080500,0.242688414,63625,722,0.228336496,1130,2652,2404
13,14000US08005083900,8005083900,0.27048892,59020,455,0.189504373,540,1364,1222
14,14000US08035013907,8035013907,0.090333092,102930,1098,0.26217765,0,92,46
15,14000US08035014202,8035014202,0.113685345,92404,458,0.296824368,0,0,0
16,14000US08014030800,8014030800,0.14199239,85742,1049,0.246765467,135,463,336
17,14000US08014031400,8014031400,0.147559809,117679,724,0.181499123,0,0,0
18,14000US08014031300,8014031300,0.094948047,159677,452,0.223541048,0,0,0
19,14000US08014031100,8014031100,0.157751092,66863,1425,0.27696793,1656,6594,3939
20,14000US08031005002,8031005002,0.444078546,41946,1721,0.271794062,2851,6429,5981
21,14000US08035014138,8035014138,0.176270136,85043,738,0.261424017,86,212,192
22,14000US08035014134,8035014134,0.161952915,140188,1139,0.246110631,0,138,69
23,14000US08035014132,8035014132,0.103980253,164219,1019,0.223857645,86,384,278
24,14000US08035014140,8035014140,0.112357414,161618,1100,0.274519591,0,230,115
25,14000US08035013910,8035013910,0.095420369,138771,1089,0.210516142,0,0,0
26,14000US08123002013,8123002013,0.071905822,106143,461,0.214318921,0,0,0
27,14000US08001061200,8001061200,0.111443211,132250,304,0.179988159,0,0,0
28,14000US08001008543,8001008543,0.09933486,78482,1405,0.212043465,240,378,339
29,14000US08001008542,8001008542,0.159995589,97245,1395,0.216446858,420,668,596
30,14000US08031015400,8031015400,0.101921132,70208,1212,0.296332518,2522,5430,5351
31,14000US08031004405,8031004405,0.2269153,84866,2078,0.28817085,1881,4416,4092
32,14000US08005004952,8005004952,0.311356576,50909,603,0.222345133,2027,5020,4499
33,14000US08013060600,8013060600,0.267922035,111696,1399,0.282512116,658,1750,1546
34,14000US08013012608,8013012608,0.150118203,80852,892,0.398036591,316,1120,760
35,14000US08013013213,8013013213,0.152612137,91341,2214,0.318194884,405,1286,1047
36,14000US08013012607,8013012607,0.186601129,24793,3145,0.584246703,879,2736,2189
37,14000US08013013505,8013013505,0.110591536,44479,635,0.205368693,354,1038,860
38,14000US08013060800,8013060800,0.095712377,54393,2339,0.34432504,1592,4671,3489
39,14000US08013012508,8013012508,0.122170543,76397,1143,0.406327764,789,2416,1982
40,14000US08013012509,8013012509,0.150842946,102450,755,0.28849828,3023,7733,6930
41,14000US08013012511,8013012511,0.180829261,53870,2786,0.461181924,1174,3012,2467
42,14000US08013012603,8013012603,0.094350784,108141,1102,0.385989492,616,2011,1579
43,14000US08013012701,8013012701,0.051215977,150117,1480,0.294527363,1608,4112,3712
44,14000US08013012705,8013012705,0.130265568,65963,1195,0.30806909,1772,4164,3866
45,14000US08013012708,8013012708,0.011111111,106186,1317,0.305497564,784,1540,1554
46,14000US08013012709,8013012709,0.058367769,111042,526,0.336102236,1032,1948,2006
47,14000US08013012903,8013012903,0.115876289,133750,609,0.315871369,893,2157,1837
48,14000US08013012904,8013012904,0.057122067,90982,1306,0.285090592,956,2125,1841
49,14000US08013012905,8013012905,0.130188679,54290,691,0.31843318,774,1850,1571
50,14000US08013060900,8013060900,0.098829649,74286,1116,0.29799733,731,2094,1667
51,14000US08013012907,8013012907,0.146507666,81250,678,0.245207957,827,2064,1816
52,14000US08013013003,8013013003,0.070402703,103701,1705,0.299438005,2306,5347,4563
53,14000US08031004404,8031004404,0.566511179,37976,1396,0.296768707,1665,4457,4051
54,14000US08031004403,8031004403,0.33020595,59229,1123,0.28943299,2071,5084,4774
55,14000US08013013004,8013013004,0.097657353,131406,866,0.338810642,1066,2576,2380
56,14000US08013013005,8013013005,0.095517774,86058,755,0.299009901,1715,4150,3826
57,14000US08013013006,8013013006,0.094620641,98611,1531,0.341207934,813,1976,1822
58,14000US08013013205,8013013205,0.03765308,110417,1316,0.29592984,537,1382,1228
59,14000US08013013207,8013013207,0.063989409,86635,1266,0.335898116,66,160,146
60,14000US08031003701,8031003701,0.156002265,67946,851,0.27015873,3405,8312,7282
61,14000US08031003702,8031003702,0.130857143,53354,1479,0.300609756,1745,4347,3885
62,14000US08031003703,8031003703,0.151754663,62680,727,0.260480115,2607,5116,4647
63,14000US08031003800,8031003800,0.117327229,107574,1474,0.228598015,3110,8780,7545
64,14000US08031003901,8031003901,0.064941176,126964,732,0.197730956,1874,4528,3870
65,14000US08031004102,8031004102,0.585741811,51958,1024,0.254346746,2846,6578,5930
66,14000US08031004103,8031004103,0.323184153,115977,1130,0.265882353,1723,4622,4011
67,14000US08031004104,8031004104,0.438185654,91337,956,0.24805397,2553,7004,5977
68,14000US08005082300,8005082300,0.261263467,61078,701,0.22804164,509,1184,1101
69,14000US08005080800,8005080800,0.532646979,55219,577,0.236572366,609,1274,1168
70,14000US08005006502,8005006502,0.060022334,65816,937,0.313273153,160,1076,703
71,14000US08005082600,8005082600,0.680312616,58545,777,0.186063218,1677,4136,3745
72,14000US08005005628,8005005628,0.038831615,86856,1165,0.248984826,270,737,610
73,14000US08005006711,8005006711,0.121856867,123162,961,0.295783318,212,520,480
74,14000US08001009603,8001009603,0.18510158,46451,1115,0.231712386,480,2129,1078
75,14000US08001009604,8001009604,0.219451932,51555,698,0.1854903,409,1950,997
76,14000US08031004304,8031004304,0.156324582,100043,1252,0.248956055,2965,7640,6723
77,14000US08005005627,8005005627,0.058947813,104911,1076,0.293828509,327,998,827
78,14000US08005081300,8005081300,0.391373295,54375,612,0.255106294,1073,2338,2239
79,14000US08005084000,8005084000,0.225037821,98672,594,0.278873239,684,1856,1612
80,14000US08001009608,8001009608,0.204502814,75556,736,0.259337562,996,2220,2432
81,14000US08001009607,8001009607,0.196782421,46082,1181,0.280922931,196,607,518
82,14000US08014030500,8014030500,0.171672355,137603,1002,0.226850804,0,126,63
83,14000US08014031000,8014031000,0.230560732,109291,1065,0.244042163,0,0,0
84,14000US08005081200,8005081200,0.553467001,48262,1005,0.276174773,1330,3374,3017
85,14000US08005007500,8005007500,0.432343234,59063,381,0.209455745,893,1956,1819
86,14000US08005005551,8005005551,0.292558614,48528,441,0.188703466,1186,2680,2526
87,14000US08005005630,8005005630,0.09785322,94229,1389,0.288234073,185,530,445
88,14000US08005005552,8005005552,0.11630396,32008,471,0.20794702,819,1776,1728
89,14000US08005005553,8005005553,0.114934114,56474,745,0.23223192,1138,2572,2436
90,14000US08005005611,8005005611,0.083470923,81930,1150,0.26006332,1042,3248,2485
91,14000US08005005612,8005005612,0.032552083,83617,783,0.261087029,613,1864,1378
92,14000US08005005614,8005005614,0.119749216,92125,517,0.200543057,328,896,774
93,14000US08005005619,8005005619,0.069935858,84211,745,0.187941473,992,2634,2200
94,14000US08005005620,8005005620,0.089675711,55429,558,0.20613225,396,920,856
95,14000US08001009553,8001009553,0.188572961,56094,733,0.244251916,1760,5010,4617
96,14000US08005005621,8005005621,0.050929112,121250,717,0.296403473,80,246,203
97,14000US08005005622,8005005622,0.057931571,113125,376,0.181030332,401,1098,950
98,14000US08005005624,8005005624,0.15085592,112218,609,0.271148709,555,1868,1489
99,14000US08005005625,8005005625,0.097066167,89907,511,0.194889397,790,2340,1965
100,14000US08005005626,8005005626,0.061608961,70197,909,0.286750789,856,3432,2587
101,14000US08005005629,8005005629,0.045311269,151667,539,0.262926829,0,0,0
102,14000US08005084700,8005084700,0.235500468,79884,860,0.250655785,1245,2714,2602
103,14000US08005083400,8005083400,0.329857686,78550,1269,0.243570058,1641,3630,3456
104,14000US08005005631,8005005631,0.077989601,114119,731,0.259680284,200,776,583
105,14000US08005007703,8005007703,0.34625323,52981,1111,0.302642332,1640,3600,3297
106,14000US08013013202,8013013202,0.035932203,118839,384,0.301176471,0,64,32
107,14000US08013012401,8013012401,0.091424866,22578,4140,0.692423482,1860,4756,4126
108,14000US08013012510,8013012510,0.063839386,120441,1174,0.317812669,1122,2646,2478
109,14000US08031004107,8031004107,0.1944007,118692,1658,0.20291274,7206,16813,15268
110,14000US08031004106,8031004106,0.183347481,148795,1857,0.205125373,2758,6507,5793
111,14000US08031015500,8031015500,0.215581098,52057,1016,0.30014771,1075,2308,2205
112,14000US08005005635,8005005635,0.095585257,92604,972,0.233710026,318,780,720
113,14000US08005006713,8005006713,0.38305709,72340,247,0.174188999,53,195,120
114,14000US08005084600,8005084600,0.294226158,69310,882,0.205930423,1285,3292,2929
115,14000US08005005636,8005005636,0.056603774,202188,453,0.296272073,0,318,0
116,14000US08031001701,8031001701,0.113444734,93654,1429,0.22758401,20280,52750,46378
117,14000US08031001702,8031001702,0.177521749,65408,1411,0.334995252,26400,73741,63458
118,14000US08031001800,8031001800,0.307781313,47725,881,0.288474132,1031,2682,2374
119,14000US08005086200,8005086200,0.236795252,108720,1062,0.20992291,672,1788,1566
120,14000US08005085400,8005085400,0.234627126,132083,983,0.282227964,378,952,854
121,14000US08031002000,8031002000,0.196185286,100947,344,0.158525346,2097,5344,4852
122,14000US08031002402,8031002402,0.288700846,73125,417,0.246745562,526,1850,1327
123,14000US08005005633,8005005633,0.062214984,104756,619,0.243222004,111,658,440
124,14000US08005005634,8005005634,0.077844311,68586,491,0.170901497,464,1902,1415
125,14000US08005005700,8005005700,0.119084362,48465,1045,0.304575925,4782,10592,9853
126,14000US08005005800,8005005800,0.085662432,81708,606,0.259751393,614,1188,1142
127,14000US08005005951,8005005951,0.128593041,36640,740,0.184171229,2557,5164,4602
128,14000US08005005952,8005005952,0.109994417,58869,753,0.254822335,157,562,434
129,14000US08005006000,8005006000,0.10955799,51201,570,0.247288503,1573,3562,3396
130,14000US08005084900,8005084900,0.196519652,145938,633,0.235578712,532,1210,1136
131,14000US08014030900,8014030900,0.137889482,108385,1044,0.225097025,36,236,102
132,14000US08123002009,8123002009,0.026086957,97188,306,0.211034483,0,0,0
133,14000US08005006712,8005006712,0.102158273,182031,252,0.218560278,2070,6186,5106
134,14000US08005006858,8005006858,0.245716589,74571,842,0.200810875,1054,1307,1718
135,14000US08031005104,8031005104,0.340076545,44926,763,0.247727273,808,1752,1671
136,14000US08031003500,8031003500,0.264865681,54602,1179,0.236651947,6493,13098,12381
137,14000US08031002701,8031002701,0.158085106,41957,1166,0.251564186,3244,7689,7001
138,14000US08031005200,8031005200,0.164500968,107875,638,0.208224543,1022,2385,2223
139,14000US08031006814,8031006814,0.405788656,55284,1036,0.273784355,1016,2728,2312
140,14000US08031001500,8031001500,0.188571429,50185,1021,0.28591431,2268,6983,6717
141,14000US08031002100,8031002100,0.169817027,72064,1199,0.209432314,9294,21844,20174
142,14000US08031002403,8031002403,0.337680816,46758,958,0.256561328,4699,10156,9645
143,14000US08031002601,8031002601,0.151506538,50858,774,0.222286043,3731,10209,8388
144,14000US08031002602,8031002602,0.120689655,80286,496,0.177523264,598,2108,1324
145,14000US08031002702,8031002702,0.123903684,61611,1505,0.247981546,1366,3134,2860
146,14000US08005006100,8005006100,0.15138191,50802,733,0.263195691,416,1024,928
147,14000US08031002801,8031002801,0.095133553,66096,522,0.207307387,602,1072,1149
148,14000US08031002802,8031002802,0.099272471,56576,949,0.246301583,1210,3930,3175
149,14000US08031002803,8031002803,0.12179623,60560,1174,0.261353517,442,1239,1075
150,14000US08005005623,8005005623,0.035262206,110417,894,0.257859821,640,2286,1783
151,14000US08005087200,8005087200,0.374205695,53495,913,0.263949118,1394,3378,2986
152,14000US08005006200,8005006200,0.117194436,66034,587,0.210093057,577,1276,1227
153,14000US08005006300,8005006300,0.042823156,69280,536,0.239072257,416,1024,928
154,14000US08005006400,8005006400,0.188813258,61042,864,0.303690685,222,536,490
155,14000US08005006601,8005006601,0.197212912,42298,890,0.189805929,709,1924,1610
156,14000US08005082100,8005082100,0.534782609,63750,1510,0.294003115,1538,3526,3301
157,14000US08005082700,8005082700,0.330049261,86694,765,0.266179541,772,1946,1745
158,14000US08005086800,8005086800,0.55732138,59416,1961,0.326343818,1602,3602,3384
159,14000US08005086400,8005086400,0.111961722,168281,417,0.244145199,0,120,60
160,14000US08005006855,8005006855,0.269645609,125234,1151,0.270951036,424,567,708
161,14000US08005082800,8005082800,0.388446622,66069,775,0.190933728,1313,3250,2938
162,14000US08005083500,8005083500,0.484805318,62245,1360,0.278859955,714,2202,1815
163,14000US08005083300,8005083300,0.249889527,84464,858,0.227586207,384,916,842
164,14000US08005006603,8005006603,0.114724481,82586,712,0.260614934,387,1388,980
165,14000US08005006604,8005006604,0.129764265,47127,916,0.245050829,765,2296,1747
166,14000US08005006704,8005006704,0.043363995,250001,754,0.221244131,388,1516,976
167,14000US08005006705,8005006705,0.030973451,250001,404,0.267019167,120,852,345
168,14000US08005006706,8005006706,0.128489408,97435,877,0.228981723,216,536,488
169,14000US08005006707,8005006707,0.118831043,103629,895,0.216864551,162,536,366
170,14000US08005006708,8005006708,0.091438556,112467,936,0.229862475,0,0,0
171,14000US08005006709,8005006709,0.067327866,123482,1095,0.265970367,899,2714,2256
172,14000US08059009849,8059009849,0.090364629,64855,1605,0.336407462,4,16,12
173,14000US08005015100,8005015100,0.090409075,136176,715,0.299539171,851,1907,1809
174,14000US08031015300,8031015300,0.146121014,46786,998,0.270460705,507,1210,1089
175,14000US08005006808,8005006808,0.099610368,167721,1238,0.283100846,0,0,0
176,14000US08005006815,8005006815,0.286682194,66250,1036,0.28761799,415,504,687
177,14000US08005006854,8005006854,0.308283233,82059,507,0.208813839,1113,2934,2580
178,14000US08005080200,8005080200,0.388324488,82967,1247,0.230116258,1556,3273,3037
179,14000US08005081800,8005081800,0.463159759,51932,1052,0.249348187,3709,8416,7857
180,14000US08005081900,8005081900,0.457280045,42815,1137,0.217482785,1278,3004,2780
181,14000US08005080000,8005080000,0.45190409,51400,783,0.27934356,989,2160,1965
182,14000US08005080100,8005080100,0.435536803,39515,813,0.237719298,1265,2656,2504
183,14000US08031002901,8031002901,0.08172232,81779,766,0.251559934,918,2206,2028
184,14000US08035014139,8035014139,0.141751934,120714,821,0.257366771,129,360,309
185,14000US08005080900,8005080900,0.408673062,65270,1161,0.321073009,677,1520,1359
186,14000US08005080700,8005080700,0.440283051,66882,1106,0.248874887,1960,4130,3895
187,14000US08005080300,8005080300,0.416531018,68924,1245,0.260188088,2132,4598,4262
188,14000US08005080400,8005080400,0.332754964,69175,1083,0.250520472,3230,7998,6981
189,14000US08005081600,8005081600,0.283604986,73611,698,0.16917111,1880,4102,3927
190,14000US08005082500,8005082500,0.238646483,68618,492,0.27765237,680,1692,1526
191,14000US08031002902,8031002902,0.07373494,120446,632,0.178178743,985,1634,1586
192,14000US08031003001,8031003001,0.083244963,102313,1236,0.258577406,4081,8524,8026
193,14000US08031003002,8031003002,0.151228733,91033,552,0.234693878,1122,2266,2193
194,14000US08031003004,8031003004,0.131495564,65052,1709,0.310219641,1124,2256,2056
195,14000US08031003101,8031003101,0.272519954,64250,407,0.275,302,1612,1037
196,14000US08031003102,8031003102,0.213793103,43219,931,0.284448518,1883,4232,3853
197,14000US08123002004,8123002004,0.043863636,53932,753,0.224575007,0,0,0
198,14000US08123002005,8123002005,0.066231343,114188,125,0.162127108,0,0,0
199,14000US08123002019,8123002019,0.117379436,96419,889,0.222138931,0,0,0
200,14000US08123002018,8123002018,0.105908584,120789,352,0.267680608,0,0,0
201,14000US08123002006,8123002006,0.072033898,132734,43,0.209756098,0,0,0
202,14000US08005081000,8005081000,0.576476702,36737,1241,0.290224509,3419,7916,7361
203,14000US08005082400,8005082400,0.473723168,62461,924,0.274918179,1583,4068,3617
204,14000US08005084500,8005084500,0.348868176,62292,579,0.247013652,396,1054,923
205,14000US08059009852,8059009852,0.053717915,88294,815,0.249311716,428,1206,1123
206,14000US08059009850,8059009850,0.072954454,129231,655,0.306504445,12,48,36
207,14000US08059011402,8059011402,0.226622662,41990,1080,0.280519481,1167,3148,2773
208,14000US08059012059,8059012059,0.048996458,93884,568,0.219389726,0,176,88
209,14000US08035013911,8035013911,0.051570681,141653,1412,0.259702042,0,0,0
210,14000US08035014009,8035014009,0.140841584,105474,973,0.327940681,0,186,93
211,14000US08035014012,8035014012,0.112197448,112708,1254,0.208825978,0,0,0
212,14000US08035014013,8035014013,0.056745328,144756,1332,0.2654444,0,0,0
213,14000US08035014125,8035014125,0.092525937,126480,826,0.214768591,856,2900,2306
214,14000US08035014137,8035014137,0.16948811,160599,1766,0.261513401,43,154,120
215,14000US08035014131,8035014131,0.092726499,85115,866,0.208674699,1620,4260,3750
216,14000US08035014135,8035014135,0.076213592,179000,861,0.299062174,0,184,92
217,14000US08035014204,8035014204,0.083134684,117083,502,0.195406773,0,0,0
218,14000US08035014406,8035014406,0.115692016,114265,2493,0.2742876,0,0,0
219,14000US08035014203,8035014203,0.06379073,135463,1042,0.205360662,0,0,0
220,14000US08035014136,8035014136,0.146268015,102313,1726,0.256083086,258,1050,783
221,14000US08035014128,8035014128,0.10941578,108255,1011,0.259964001,129,324,291
222,14000US08035014404,8035014404,0.07057921,126767,516,0.22270177,0,0,0
223,14000US08035014403,8035014403,0.050697757,122969,1259,0.271804836,0,0,0
224,14000US08035014603,8035014603,0.061894737,96379,1284,0.257572718,0,0,0
225,14000US08035014505,8035014505,0.069643513,95819,1165,0.255426442,0,0,0
226,14000US08035014405,8035014405,0.092676604,131944,1288,0.234565653,0,0,0
227,14000US08005081100,8005081100,0.601605136,41673,1413,0.293457944,5814,13338,12475
228,14000US08005082000,8005082000,0.547092744,46278,705,0.221350078,1152,3910,3118
229,14000US08005082200,8005082200,0.496095544,54602,1630,0.315952704,1416,3340,3086
230,14000US08005081400,8005081400,0.301699717,69559,761,0.217056475,2305,6072,5338
231,14000US08005084100,8005084100,0.345554336,72538,953,0.266275496,936,2354,2113
232,14000US08005084200,8005084200,0.290356671,73846,742,0.255333792,750,2130,1815
233,14000US08005084300,8005084300,0.282713596,77368,845,0.300925926,339,790,734
234,14000US08005084400,8005084400,0.354700855,82686,326,0.146253926,78,204,180
235,14000US08005085700,8005085700,0.224037601,69595,719,0.200950252,234,706,587
236,14000US08005005632,8005005632,0.065275708,119033,743,0.274879763,520,2116,1578
237,14000US08005081500,8005081500,0.065748709,36471,350,0.120481928,645,1464,1376
238,14000US08019014800,8019014800,0.109778044,57266,408,0.291428571,0,0,0
239,14000US08019014700,8019014700,0.043019163,82978,1179,0.26560036,0,0,0
240,14000US08019014900,8019014900,0.036951501,58357,561,0.243383948,0,0,0
241,14000US08005084800,8005084800,0.183094472,91667,711,0.265496639,0,0,0
242,14000US08005085800,8005085800,0.20466174,82589,331,0.238300936,152,416,360
243,14000US08123002103,8123002103,0.054205607,99122,1650,0.211565585,0,0,0
244,14000US08005006856,8005006856,0.309922822,77075,2312,0.323764179,2814,3591,4667
245,14000US08005086300,8005086300,0.327350427,86293,856,0.230417227,103,126,170
246,14000US08005085200,8005085200,0.15704698,143125,688,0.298352125,159,402,360
247,14000US08005085300,8005085300,0.188609467,104500,434,0.202142524,159,402,360
248,14000US08005086600,8005086600,0.131796284,85487,991,0.193630324,53,134,120
249,14000US08005083600,8005083600,0.294624217,59386,649,0.209017713,2633,6790,5950
250,14000US08005083100,8005083100,0.454666273,91386,942,0.179053412,444,1144,1016
251,14000US08005086000,8005086000,0.271856287,99764,1245,0.207430856,132,340,302
252,14000US08005085000,8005085000,0.277013752,93194,344,0.213135068,1025,1784,1710
253,14000US08005087000,8005087000,0.47458263,53073,1049,0.249464923,846,1775,1702
254,14000US08005085500,8005085500,0.150875939,115302,1130,0.260608856,558,1444,1280
255,14000US08005085600,8005085600,0.213274336,133333,656,0.25980198,212,536,480
256,14000US08005085100,8005085100,0.314680233,160964,1240,0.248945995,555,1400,1255
257,14000US08005086100,8005086100,0.269070446,98641,753,0.218450827,264,680,604
258,14000US08005083700,8005083700,0.311801846,88500,663,0.194656489,460,1116,1014
259,14000US08005086700,8005086700,0.212554629,156972,814,0.240757172,0,0,0
260,14000US08005085900,8005085900,0.340997589,110366,829,0.221539284,312,816,720
261,14000US08005083200,8005083200,0.26845924,117442,1285,0.195496729,0,0,0
262,14000US08005083000,8005083000,0.452102182,102563,705,0.23906409,0,0,0
263,14000US08005007301,8005007301,0.534686971,47015,439,0.235010707,2298,5188,4714
264,14000US08005087100,8005087100,0.422263451,40912,684,0.312328767,1424,3082,2921
265,14000US08005086900,8005086900,0.551103565,53776,897,0.365973072,912,2080,1952
266,14000US08005087300,8005087300,0.531956023,58000,1398,0.232961173,1218,2652,2502
267,14000US08005082900,8005082900,0.438206954,76591,951,0.257374831,222,864,654
268,14000US08005081700,8005081700,0.209983361,142679,750,0.320102433,961,2204,2063
269,14000US08059009851,8059009851,0.089691764,112727,602,0.192209451,692,2021,1787
270,14000US08059015900,8059015900,0.180296896,65575,809,0.258383903,689,2067,1714
271,14000US08059011732,8059011732,0.095015259,59737,1087,0.263579049,43,762,456
272,14000US08059011733,8059011733,0.149403641,62632,246,0.186363636,805,2522,2172
273,14000US08059011806,8059011806,0.10725429,43631,915,0.216619318,1866,4240,4026
274,14000US08059011805,8059011805,0.154301573,61176,1146,0.238253638,2636,5943,5678
275,14000US08059012060,8059012060,0.064652568,80063,632,0.239212718,0,44,22
276,14000US08059011401,8059011401,0.113933795,40132,473,0.226315789,855,2098,1912
277,14000US08059015800,8059015800,0.145472062,65000,769,0.214624616,1475,4000,3386
278,14000US08031015700,8031015700,0.244990739,46959,1275,0.270356234,1494,3746,3380
279,14000US08031001901,8031001901,0.28961039,26607,658,0.277520034,2364,6275,5460
280,14000US08031004504,8031004504,0.206370876,43750,543,0.181726908,879,1980,1903
281,14000US08031004505,8031004505,0.121038035,33684,430,0.124098124,896,2077,1996
282,14000US08031004506,8031004506,0.249285157,30795,466,0.176181474,934,2315,2098
283,14000US08031008312,8031008312,0.399267399,58550,1630,0.271034253,3207,7590,6859
284,14000US08031008387,8031008387,0.390758547,74922,1385,0.257148162,2676,5900,5626
285,14000US08031004503,8031004503,0.07032915,38641,363,0.130341113,1140,2350,2393
286,14000US08031004306,8031004306,0.129804069,106599,1031,0.244254916,1927,4297,4092
287,14000US08031008386,8031008386,0.420656267,70536,1020,0.249571813,2424,5428,5138
288,14000US08031008389,8031008389,0.513068286,83313,1951,0.249010849,5601,11946,11574
289,14000US08031008391,8031008391,0.429950319,73906,1163,0.232274815,1869,3954,3846
290,14000US08031008390,8031008390,0.488159918,63640,1895,0.273094106,2493,5088,5436
291,14000US08031015600,8031015600,0.213866967,44816,1164,0.183712121,3729,9426,8641
292,14000US08035014107,8035014107,0.083143219,118574,805,0.26161846,261,858,686
293,14000US08035013904,8035013904,0.058999082,64970,720,0.20797227,0,522,261
294,14000US08035014503,8035014503,0.05530535,89250,1338,0.293228139,0,0,0
295,14000US08035014300,8035014300,0.04853129,60000,178,0.247566064,0,0,0
296,14000US08035014001,8035014001,0.09954998,82652,1356,0.239915074,0,56,28
297,14000US08035013908,8035013908,0.042180026,130162,1379,0.240160223,0,22,11
298,14000US08035014108,8035014108,0.035196687,106779,884,0.234296316,215,850,640
299,14000US08035014122,8035014122,0.079451672,165871,1254,0.232825845,0,0,0
300,14000US08035013909,8035013909,0.029362696,99974,1351,0.288182594,0,0,0
301,14000US08035014115,8035014115,0.125196673,119904,859,0.236639118,0,126,63
302,14000US08035014116,8035014116,0.348975972,93623,1233,0.255332367,1884,6254,5011
303,14000US08035014123,8035014123,0.130720909,90568,753,0.275925247,0,0,0
304,14000US08035013905,8035013905,0.059424768,95577,1007,0.301768055,0,314,157
305,14000US08013012102,8013012102,0.084606189,73396,2088,0.330536647,2052,5463,4804
306,14000US08013012104,8013012104,0.163165791,121146,575,0.276708373,1556,3748,3466
307,14000US08013012101,8013012101,0.086701571,114271,1220,0.310907238,1398,3495,3177
308,14000US08013012105,8013012105,0.07960644,84435,1711,0.374890447,2578,6716,5981
309,14000US08013012202,8013012202,0.167913296,38194,3365,0.543179984,2312,6353,5484
310,14000US08013012203,8013012203,0.149959688,59618,1510,0.22789013,4493,13567,11276
311,14000US08013012204,8013012204,0.06505848,42348,1907,0.480715906,6380,15961,14352
312,14000US08013012300,8013012300,0.226128472,40464,4299,0.638023152,1697,4978,4068
313,14000US08013012501,8013012501,0.122472339,81205,879,0.368244659,698,2047,1644
314,14000US08013012505,8013012505,0.120807,108750,1155,0.33791691,1608,4170,3695
315,14000US08013012507,8013012507,0.114343254,62163,1816,0.446630595,3150,9134,7543
316,14000US08031004602,8031004602,0.280999724,44555,635,0.115433558,1466,3760,3360
317,14000US08031004603,8031004603,0.207445008,56176,851,0.192490387,2156,5399,4868
318,14000US08031004700,8031004700,0.131968758,62482,1208,0.218129289,2154,4942,4699
319,14000US08039961206,8039961206,0.038420774,100677,691,0.222544283,0,0,0
320,14000US08047013800,8047013800,0.06043214,75120,1038,0.204935834,0,0,0
321,14000US08001008535,8001008535,0.114495513,83088,565,0.218230977,561,1008,971
322,14000US08001008540,8001008540,0.146535639,109549,1273,0.220700416,0,0,0
323,14000US08001008541,8001008541,0.061259707,128295,795,0.164324101,0,0,0
324,14000US08001008551,8001008551,0.183344093,134167,267,0.243613139,72,68,68
325,14000US08001060000,8001060000,0.084062728,116754,902,0.226348808,0,0,0
326,14000US08001007801,8001007801,0.601885424,32744,839,0.289110958,1091,2366,2222
327,14000US08001008539,8001008539,0.182099344,91351,1602,0.23380035,504,1080,1056
328,14000US08001009326,8001009326,0.159500184,77969,540,0.234578627,157,501,399
329,14000US08123001902,8123001902,0.095459837,70865,1643,0.28042328,0,0,0
331,14000US08014030700,8014030700,0.082344968,93203,543,0.230182281,0,0,0
332,14000US08014030400,8014030400,0.056756053,135563,776,0.260402685,0,0,0
333,14000US08031003202,8031003202,0.088855422,58125,721,0.225806452,695,1777,1584
334,14000US08031003203,8031003203,0.048747461,177813,735,0.303342963,1084,3307,2611
335,14000US08031003300,8031003300,0.120720189,135875,781,0.267465753,904,1956,1860
336,14000US08031003401,8031003401,0.060100814,98144,667,0.285653105,666,1640,1363
337,14000US08014030100,8014030100,0.137254902,64318,380,0.202883075,18,328,156
338,14000US08014030000,8014030000,0.122204473,65959,809,0.285160381,0,332,185
339,14000US08014030300,8014030300,0.109739737,62897,812,0.259756878,180,1288,764
341,14000US08005007702,8005007702,0.457591378,57202,749,0.229473039,1631,3726,3286
342,14000US08005007704,8005007704,0.662959968,47152,1087,0.288558535,756,1648,1476
343,14000US08031004601,8031004601,0.140870507,49848,626,0.1475719,1099,2396,2341
344,14000US08031003402,8031003402,0.040008512,154073,982,0.262076328,1524,3341,2882
345,14000US08031003602,8031003602,0.426686851,46679,776,0.219270981,2615,5822,5463
346,14000US08013013302,8013013302,0.051854729,70459,1391,0.311394672,1118,3030,2648
347,14000US08013013305,8013013305,0.104178377,67438,1233,0.295046662,278,646,601
348,14000US08013013307,8013013307,0.153450051,58504,909,0.279348494,382,844,804
349,14000US08013013308,8013013308,0.060510467,44470,646,0.225401256,204,848,620
350,14000US08013013401,8013013401,0.156276932,40457,836,0.321167883,1021,2640,2347
351,14000US08013013208,8013013208,0.07411668,72383,1275,0.254796163,66,180,156
352,14000US08013013210,8013013210,0.143904321,63781,811,0.195186522,1473,4322,3615
353,14000US08013013211,8013013211,0.056603774,118603,1180,0.260255845,844,2684,2238
354,14000US08013013402,8013013402,0.155468657,70420,1753,0.274635751,286,650,611
355,14000US08013013701,8013013701,0.101523657,105313,1597,0.295685984,707,1520,1618
356,14000US08013012103,8013012103,0.100232498,92862,879,0.271380056,638,1754,1515
357,14000US08013013702,8013013702,0.048341858,91648,1898,0.36353189,779,1663,1588
358,14000US08013012710,8013012710,0.103906899,118309,947,0.306274256,3192,7809,6691
359,14000US08013012707,8013012707,0.125698324,93438,765,0.372262774,1642,5112,4198
360,14000US08013012605,8013012605,0.237151703,37708,764,0.504957039,914,2683,2258
361,14000US08013012201,8013012201,0.082202505,60357,1752,0.490893808,232,790,627
362,14000US08013013201,8013013201,0.044091711,94444,437,0.305167598,154,400,354
363,14000US08013013601,8013013601,0.078780178,96821,769,0.242204724,0,208,104
364,14000US08013012800,8013012800,0.074924668,134028,2264,0.246972837,1032,2490,2350
365,14000US08013060700,8013060700,0.089664167,105896,695,0.274595022,43,106,98
366,14000US08013013602,8013013602,0.02182285,87955,198,0.285714286,0,0,0
367,14000US08013013306,8013013306,0.147990256,54011,1217,0.325923942,434,1666,1233
368,14000US08014031200,8014031200,0.125620207,72455,1056,0.277675519,619,1698,1387
369,14000US08031004801,8031004801,0.241140882,71875,692,0.260052612,978,2508,2250
370,14000US08031001902,8031001902,0.08801956,125625,385,0.470660147,7239,15388,14706
371,14000US08031005001,8031005001,0.217702448,68694,650,0.2837189,1863,4437,4041
372,14000US08035014133,8035014133,0.062923829,136176,1492,0.304489796,215,1068,749
373,14000US08123002008,8123002008,0.097476225,120156,881,0.225146946,0,0,0
374,14000US08123002016,8123002016,0.123380629,67422,482,0.18595679,0,0,0
375,14000US08123002020,8123002020,0.093788492,110607,903,0.229946524,0,0,0
376,14000US08123002021,8123002021,0.097101449,90000,108,0.197802198,0,0,0
377,14000US08123001905,8123001905,0.116384647,63504,872,0.250215208,0,0,0
378,14000US08123002011,8123002011,0.101449275,113661,155,0.172991071,0,0,0
379,14000US08123002015,8123002015,0.12900641,96250,181,0.200442968,0,0,0
380,14000US08123002017,8123002017,0,145938,100,0.202839757,0,0,0
381,14000US08123001908,8123001908,0.147284123,59643,437,0.197113216,0,0,0
382,14000US08123002012,8123002012,0.180480248,120083,229,0.235839341,0,0,0
383,14000US08001008533,8001008533,0.176887369,73633,1111,0.180269349,424,848,812
384,14000US08001008534,8001008534,0.089363385,95572,1080,0.295647413,152,576,572
385,14000US08001008603,8001008603,0.090045023,37688,313,0.202720207,30,100,90
386,14000US08001008604,8001008604,0.147435897,66719,1299,0.285306391,90,150,135
387,14000US08001008605,8001008605,0.052694325,66474,653,0.193768546,120,192,168
388,14000US08001008606,8001008606,0.193988224,53246,1187,0.237637638,703,684,644
389,14000US08031008388,8031008388,0.483976043,62875,1516,0.218759019,3780,8431,7930
390,14000US08001008523,8001008523,0.076932295,100328,1652,0.244161986,787,1084,1056
391,14000US08001009309,8001009309,0.198546002,50792,660,0.207677785,180,728,534
392,14000US08001008537,8001008537,0.13957907,90398,979,0.203154181,222,220,220
393,14000US08001008705,8001008705,0.130521002,46139,1430,0.347255949,1518,4518,4407
394,14000US08001008901,8001008901,0.180930931,49079,561,0.295107838,1952,2598,2427
395,14000US08001009321,8001009321,0.210348414,48772,899,0.294850771,328,840,759
396,14000US08001007900,8001007900,0.501759324,41738,1107,0.266361886,2880,6295,5891
397,14000US08001008401,8001008401,0.114012739,70871,827,0.223573939,0,0,0
398,14000US08001008802,8001008802,0.217408124,47069,963,0.265143172,1057,3648,3513
399,14000US08001008353,8001008353,0.390792968,68697,1631,0.275832911,1716,4080,3756
400,14000US08001009103,8001009103,0.081068416,49044,681,0.222840314,114,408,417
401,14000US08001009408,8001009408,0.110512129,102500,959,0.265798226,694,2412,1777
402,14000US08001009606,8001009606,0.159497526,44924,623,0.297374702,1502,3615,3120
404,14000US08001008706,8001008706,0.242159383,52805,1034,0.251949318,1094,3784,3693
405,14000US08001008801,8001008801,0.190557452,44222,975,0.277382646,1089,3518,3395
406,14000US08001009001,8001009001,0.23109151,48993,1017,0.293676003,1503,3824,3533
407,14000US08001009002,8001009002,0.224821376,54667,1985,0.268460914,777,1244,1170
408,14000US08001009101,8001009101,0.090432228,64479,925,0.263532764,498,1040,1025
409,14000US08001009104,8001009104,0.137613141,63750,1137,0.271166229,430,632,608
410,14000US08001009202,8001009202,0.114278982,59250,740,0.226161369,990,2914,2907
411,14000US08001009203,8001009203,0.153074866,41761,761,0.22723201,2523,7126,6824
412,14000US08001009204,8001009204,0.302208034,71204,1276,0.221374046,240,685,671
413,14000US08001009304,8001009304,0.131200821,55152,979,0.218380549,806,2846,2679
414,14000US08001009306,8001009306,0.083122718,60455,547,0.186244467,514,1486,1264
415,14000US08093000200,8093000200,0.093218186,73933,711,0.219309068,0,0,0
416,14000US08001009307,8001009307,0.15035497,60264,691,0.227977565,781,1994,1809
417,14000US08001009308,8001009308,0.147416413,61488,880,0.242357477,236,625,552
418,14000US08093000100,8093000100,0.055965362,70270,1098,0.208191126,0,0,0
419,14000US08001009310,8001009310,0.148619958,54187,1091,0.252371039,306,993,786
420,14000US08001009316,8001009316,0.041283775,46432,1670,0.30435575,1075,2606,2411
421,14000US08001009318,8001009318,0.106370009,37952,1519,0.32800691,859,2193,2044
422,14000US08001009319,8001009319,0.096951891,38433,493,0.261677282,747,1645,1623
423,14000US08035014005,8035014005,0.082877248,97625,759,0.212426532,0,246,123
424,14000US08059011728,8059011728,0.17344456,83981,478,0.202114165,158,511,419
425,14000US08059011729,8059011729,0.137326349,58902,813,0.223474437,475,1261,1119
426,14000US08059011730,8059011730,0.179644049,53260,795,0.265353805,0,222,114
427,14000US08059011731,8059011731,0.122878479,72566,804,0.219732167,0,635,321
428,14000US08123002502,8123002502,0.076653526,72463,941,0.178931356,0,0,0
429,14000US08123001800,8123001800,0.064981949,64023,810,0.22985244,0,0,0
430,14000US08031000201,8031000201,0.094025974,55541,620,0.188278166,1386,3097,2937
431,14000US08031003003,8031003003,0.137910268,57981,1405,0.454987047,1883,4472,4043
432,14000US08031004201,8031004201,0.134331462,107662,961,0.261425462,3096,7143,6537
433,14000US08031000402,8031000402,0.106296938,87667,1150,0.240183793,2324,5712,5180
434,14000US08031007006,8031007006,0.434339623,42133,1149,0.264137931,779,1990,1667
435,14000US08031012010,8031012010,0.175312382,70273,1122,0.250223015,1409,3082,2954
436,14000US08031000303,8031000303,0.052015312,92133,960,0.253968254,1406,3210,3025
437,14000US08031002703,8031002703,0.172743225,46076,1428,0.288135593,1689,3828,3473
438,14000US08059011803,8059011803,0.102774158,61653,953,0.209082931,1698,3662,3552
439,14000US08059011804,8059011804,0.12007291,69792,786,0.209767814,1421,3111,3000
440,14000US08059011951,8059011951,0.100031066,71782,523,0.192633517,787,1855,1724
441,14000US08031003902,8031003902,0.079521163,116310,797,0.220592306,1119,2492,2275
442,14000US08031004002,8031004002,0.091225022,110571,517,0.187726943,471,1224,1020
443,14000US08031004003,8031004003,0.166744294,78784,805,0.217861976,971,3548,2766
444,14000US08031004004,8031004004,0.112862227,77731,356,0.213429257,1456,4379,3649
445,14000US08059012023,8059012023,0.138809388,89650,701,0.257720588,0,234,117
446,14000US08059012024,8059012024,0.06679353,111944,1003,0.24661913,0,232,116
447,14000US08031004202,8031004202,0.200127065,122500,1344,0.338965952,3260,7447,6878
448,14000US08031004301,8031004301,0.188909202,46871,1189,0.268943678,2600,5438,5565
449,14000US08031004302,8031004302,0.06866614,89872,477,0.228229665,1191,2994,2646
450,14000US08031004005,8031004005,0.197878788,57555,1129,0.366796621,974,2156,2050
451,14000US08031004006,8031004006,0.172695688,80298,1231,0.301346389,948,2128,1956
452,14000US08031004101,8031004101,0.501663202,37294,1197,0.32669214,4391,8592,8197
453,14000US08031004303,8031004303,0.093911757,209000,573,0.195097038,1573,3594,3331
454,14000US08059012038,8059012038,0.095861148,88194,762,0.254934761,0,56,28
455,14000US08059012039,8059012039,0.06577961,91596,1219,0.27666818,0,64,32
456,14000US08059012041,8059012041,0.136512308,89094,1361,0.28895966,0,303,153
457,14000US08059012043,8059012043,0.082344731,106577,1199,0.260143198,0,24,12
458,14000US08031000702,8031000702,0.213541667,32572,936,0.230314961,3737,8986,8250
459,14000US08031000800,8031000800,0.480848153,9766,232,0.337209302,4838,11074,10425
460,14000US08031000902,8031000902,0.158221797,56042,898,0.182002432,1444,3613,3286
461,14000US08031000903,8031000903,0.087917042,43594,1049,0.213254727,2192,5461,5084
462,14000US08059012046,8059012046,0.129223744,78708,470,0.268111808,60,342,232
463,14000US08059012047,8059012047,0.066907776,75946,1077,0.302188552,0,16,8
464,14000US08059012048,8059012048,0.043263288,80000,361,0.177134446,0,0,0
465,14000US08059012049,8059012049,0.074074074,113333,723,0.233225806,80,204,182
466,14000US08059012051,8059012051,0.064389698,107440,686,0.24343506,0,210,105
467,14000US08059012053,8059012053,0.073770492,95486,615,0.195797517,0,220,110
468,14000US08059012054,8059012054,0.096153846,105714,916,0.287417634,703,2657,1999
469,14000US08059012044,8059012044,0.169663985,102024,822,0.241622575,350,1070,844
470,14000US08059012055,8059012055,0.046867168,85966,840,0.258859784,0,132,66
471,14000US08059012057,8059012057,0.101392663,79118,1303,0.26750154,0,0,0
472,14000US08059009900,8059009900,0.092976045,64671,909,0.406347787,988,2320,2148
473,14000US08059012026,8059012026,0.042874396,96938,758,0.274936525,0,0,0
474,14000US08059012036,8059012036,0.048514097,145774,771,0.259683395,0,0,0
475,14000US08031000905,8031000905,0.199622908,60242,678,0.20071048,1577,4240,3828
476,14000US08031001000,8031001000,0.157017544,42917,515,0.159492103,1886,4775,4263
477,14000US08031001101,8031001101,0.286199095,55568,511,0.226607539,1554,3552,3332
478,14000US08031001102,8031001102,0.176537327,87917,981,0.260626993,1769,3919,3933
479,14000US08031003603,8031003603,0.442290749,64539,686,0.2387748,1751,4852,4142
480,14000US08059011904,8059011904,0.115565032,55750,464,0.222541966,1517,3793,3300
482,14000US08005007400,8005007400,0.422686126,49107,903,0.231954791,1327,3604,2999
483,14000US08005007600,8005007600,0.548267654,36056,828,0.284829721,1169,2834,2560
484,14000US08059009847,8059009847,0.013405681,116379,654,0.260973663,6,36,24
485,14000US08059012034,8059012034,0.028206493,165139,825,0.265358636,4,24,16
486,14000US08059009837,8059009837,0.07336594,142361,894,0.265518266,4,119,14
487,14000US08059009828,8059009828,0.107305138,82750,1172,0.246063405,468,1005,978
488,14000US08059012058,8059012058,0.083354511,114676,777,0.246041799,0,0,0
489,14000US08059012027,8059012027,0.082056194,110556,656,0.242245199,0,0,0
490,14000US08059010403,8059010403,0.094654788,52416,1201,0.267423736,1536,3546,3580
491,14000US08059012050,8059012050,0.16058029,85030,750,0.225971678,901,1552,1959
492,14000US08059010603,8059010603,0.143989071,63364,858,0.271090047,2052,4810,4501
493,14000US08059012045,8059012045,0.078212291,97940,1237,0.258246347,256,750,631
494,14000US08059012030,8059012030,0.047144593,91429,947,0.281510107,0,0,0
495,14000US08059012035,8059012035,0.041795069,155231,1135,0.279832347,0,128,64
496,14000US08059009841,8059009841,0.036433776,97054,498,0.245804541,60,234,122
497,14000US08059009815,8059009815,0.029263747,117813,1280,0.299065421,130,556,413
498,14000US08059011702,8059011702,0.14302782,77278,833,0.161184211,886,2464,2128
499,14000US08005007201,8005007201,0.55596196,42067,733,0.234409978,1116,2398,2260
500,14000US08005007202,8005007202,0.421698576,37250,729,0.237846656,666,1758,1523
501,14000US08031003201,8031003201,0.077492075,63438,1650,0.310500565,1189,2526,2317
502,14000US08059060500,8059060500,0.123476631,126313,1239,0.217980296,328,983,731
503,14000US08059010701,8059010701,0.061776955,56117,879,0.232048574,1778,4114,3651
504,14000US08059012032,8059012032,0.057860678,100929,738,0.344377042,4,24,16
505,14000US08059009846,8059009846,0.038230241,123750,846,0.230769231,8,48,32
506,14000US08059009845,8059009845,0.043846899,157422,887,0.260499266,0,0,0
507,14000US08059009848,8059009848,0.067198178,124716,457,0.229302559,14,84,56
508,14000US08059009806,8059009806,0.06202144,101033,736,0.233058898,0,524,348
509,14000US08059009808,8059009808,0.07236506,100962,1438,0.287772664,36,240,144
511,14000US08059009829,8059009829,0.108260646,115536,352,0.229017567,77,168,162
512,14000US08059010306,8059010306,0.07221665,64432,803,0.314408771,578,1427,1324
513,14000US08059012033,8059012033,0.043862752,111898,525,0.219298246,0,0,0
514,14000US08059012022,8059012022,0.049017933,105528,1386,0.292652027,0,406,203
515,14000US08059011723,8059011723,0.124345189,52731,635,0.209019092,0,588,294
516,14000US08059009840,8059009840,0.035863874,74975,699,0.226213592,0,129,63
517,14000US08059009843,8059009843,0.030758226,110208,1517,0.232419182,221,661,522
518,14000US08059012031,8059012031,0.040811339,123750,763,0.230932203,0,0,0
519,14000US08059012037,8059012037,0.027195467,97917,795,0.260484928,8,48,32
520,14000US08059012042,8059012042,0.063429914,100929,771,0.253701876,0,362,204
521,14000US08059009839,8059009839,0.071008403,108029,492,0.254263566,0,123,63
522,14000US08059009842,8059009842,0.044046983,128156,601,0.206955923,0,52,22
523,14000US08059010000,8059010000,0.110932763,46434,2684,0.508140856,1737,4457,3973
524,14000US08059010100,8059010100,0.04938989,77852,1433,0.319937486,1474,4099,3642
525,14000US08059010205,8059010205,0.015295577,101042,417,0.202427184,182,632,505
526,14000US08059012052,8059012052,0.051219051,94792,926,0.219067897,0,126,63
527,14000US08059009807,8059009807,0.064829822,71204,359,0.242567568,604,1619,1604
528,14000US08059060400,8059060400,0.116011236,97000,772,0.263122018,534,2249,1496
529,14000US08059009827,8059009827,0.174526085,74211,1304,0.260175579,273,1291,845
530,14000US08059009830,8059009830,0.103992572,61250,520,0.286186021,294,827,719
531,14000US08059010206,8059010206,0.044964029,85286,649,0.204216488,463,1122,1029
532,14000US08059010208,8059010208,0.09185768,76825,1223,0.260378965,865,2183,1979
533,14000US08059010209,8059010209,0.128768368,63294,1455,0.273496241,348,1154,832
534,14000US08059010210,8059010210,0.114315407,93095,630,0.196567863,78,258,207
535,14000US08059010211,8059010211,0.110715264,62823,592,0.202600958,697,1510,1462
536,14000US08059010212,8059010212,0.107451923,68125,810,0.234918794,298,880,755
537,14000US08059010213,8059010213,0.093271555,56397,1005,0.247597931,620,1502,1427
538,14000US08059010303,8059010303,0.067501361,79309,1081,0.240008881,60,234,244
539,14000US08059009831,8059009831,0.23490965,68533,661,0.276106934,1820,5947,4342
540,14000US08059009832,8059009832,0.124679135,75703,478,0.214638527,657,2476,1501
541,14000US08059009833,8059009833,0.114856852,68947,1182,0.246352647,489,1376,1253
542,14000US08059009834,8059009834,0.08183776,64504,822,0.225205479,396,983,895
543,14000US08059009835,8059009835,0.034464475,101975,735,0.237864078,182,622,493
544,14000US08059009836,8059009836,0.072132724,114342,554,0.163037081,0,8,0
545,14000US08059010304,8059010304,0.079103955,78281,519,0.218342448,390,1248,988
546,14000US08059010305,8059010305,0.103558152,60593,772,0.240124417,1170,2999,2541
547,14000US08059010307,8059010307,0.118549512,50645,1014,0.245045916,442,1270,1053
548,14000US08059010308,8059010308,0.086634081,83769,972,0.201409034,2086,5773,5064
549,14000US08059010402,8059010402,0.070993489,48013,1110,0.261915998,399,1573,1521
550,14000US08059010405,8059010405,0.096904937,43045,672,0.293577982,2128,5087,5137
551,14000US08059010406,8059010406,0.057475728,39359,493,0.250126839,1077,2825,2426
552,14000US08059009838,8059009838,0.069051878,137992,860,0.203646697,0,186,85
553,14000US08059010502,8059010502,0.143659245,61296,1090,0.256591337,3496,8797,8455
554,14000US08059010503,8059010503,0.070875114,52820,822,0.22877818,2343,5760,5735
555,14000US08059010504,8059010504,0.044107744,113125,592,0.24312115,814,2495,2471
556,14000US08059010604,8059010604,0.133280128,59052,602,0.297283951,1794,4418,4116
557,14000US08059010702,8059010702,0.118209167,58847,998,0.211172239,1148,2934,2631
558,14000US08059010801,8059010801,0.090459901,104125,503,0.229366165,567,1656,1464
559,14000US08059010901,8059010901,0.067480977,72762,1025,0.252525253,827,2450,2081
560,14000US08059010902,8059010902,0.141162969,45774,483,0.239464551,2622,6919,6046
561,14000US08059011000,8059011000,0.060500475,61345,1157,0.224572981,2320,5832,5309
562,14000US08059011100,8059011100,0.132139236,49234,1108,0.218325123,2719,6538,6003
563,14000US08059011202,8059011202,0.059390364,75875,1243,0.292608286,1077,2696,2486
564,14000US08059011300,8059011300,0.071981924,47896,701,0.269408148,588,1642,1434
565,14000US08059011550,8059011550,0.085700132,38367,1533,0.30938446,3785,9497,8530
566,14000US08059011601,8059011601,0.087358142,56964,552,0.189105858,882,2309,2063
567,14000US08059011602,8059011602,0.134267241,54764,920,0.259520451,1616,4012,3659
568,14000US08059011701,8059011701,0.089552239,75532,937,0.243946889,2781,7204,6443
569,14000US08059011708,8059011708,0.072736393,78208,672,0.20456621,576,1684,1426
570,14000US08059011709,8059011709,0.100085543,58551,823,0.270812767,0,152,76
571,14000US08059011710,8059011710,0.107676455,62250,795,0.245597776,292,1198,894
572,14000US08059011711,8059011711,0.109620196,64759,916,0.253178552,0,256,128
573,14000US08059011712,8059011712,0.07688808,86139,834,0.230960953,0,384,192
574,14000US08005004951,8005004951,0.255609327,51071,616,0.280510018,133,290,279
575,14000US08005086500,8005086500,0.212502382,90276,908,0.224641267,0,0,0
576,14000US08005080600,8005080600,0.286338479,50688,655,0.230796335,741,1608,1467
577,14000US08005007106,8005007106,0.218797118,122614,925,0.211428571,0,0,0
578,14000US08005007104,8005007104,0.304526016,95574,926,0.233131923,942,2818,2338
579,14000US08005007105,8005007105,0.377289932,84410,1091,0.233718937,573,1262,1204
580,14000US08005083800,8005083800,0.354255669,70072,743,0.311530398,986,2140,2051
581,14000US08059011720,8059011720,0.163904236,95714,1047,0.256554766,0,264,132
582,14000US08059011721,8059011721,0.055145631,93052,466,0.213565536,280,1508,1047
583,14000US08059011724,8059011724,0.084375,152559,1283,0.260666396,0,330,165
584,14000US08059011725,8059011725,0.063230606,92868,401,0.26295082,0,640,320
585,14000US08059011726,8059011726,0.136947456,100479,1219,0.246811095,368,1650,1195
586,14000US08059011727,8059011727,0.134011874,83726,748,0.247928406,755,2134,1829
587,14000US08039961204,8039961204,0.074828263,122218,1747,0.27537831,0,0,0
588,14000US08035014010,8035014010,0.215669168,99853,1052,0.244651163,0,148,74
589,14000US08035014007,8035014007,0.384563758,79583,674,0.261341605,0,228,114
590,14000US08035014126,8035014126,0.185619582,83750,390,0.226876091,586,1932,1552
591,14000US08035014130,8035014130,0.098354232,122596,1628,0.2881926,450,1188,1044
592,14000US08035014008,8035014008,0.138064064,137611,1722,0.277473413,0,284,142
593,14000US08035014011,8035014011,0.175235849,99643,644,0.205160879,1712,5344,4384
594,14000US08035014127,8035014127,0.115105301,157768,1061,0.260432008,0,0,0
595,14000US08001007802,8001007802,0.627572899,30598,926,0.267089703,2375,5134,4780
596,14000US08001008550,8001008550,0.086244019,90275,1376,0.218239492,446,736,732
597,14000US08001008549,8001008549,0.15171442,95275,669,0.210113065,108,104,104
598,14000US08001008545,8001008545,0.125935162,113500,1539,0.280430029,190,1707,1645
599,14000US08001008544,8001008544,0.156823911,123382,864,0.221765914,76,0,0
600,14000US08001008547,8001008547,0.077563769,81488,687,0.239456257,222,396,394
601,14000US08001008548,8001008548,0.196932515,93750,140,0.114942529,38,0,0
602,14000US08001009207,8001009207,0.158518827,65879,863,0.229765708,266,952,973
603,14000US08035014129,8035014129,0.112191277,129875,692,0.250452407,0,198,99
604,14000US08035014124,8035014124,0.056293835,144281,1071,0.263403837,301,756,679
605,14000US08035014006,8035014006,0.181711606,134611,1047,0.22125951,0,0,0
606,14000US08001009327,8001009327,0.125591296,75893,697,0.214263757,586,2026,1886
607,14000US08001009752,8001009752,0.180795848,67850,644,0.241108199,624,1314,1281
608,14000US08001008536,8001008536,0.15071473,115000,416,0.178464178,6,12,12
609,14000US08001008546,8001008546,0.164117968,79485,620,0.224069389,152,288,286
610,14000US08001009206,8001009206,0.21134249,71250,389,0.229093051,874,1209,1195
611,14000US08001009751,8001009751,0.099028106,48767,1239,0.383828996,1035,2181,2184
612,14000US08001008709,8001008709,0.246434826,41538,1471,0.255116198,6145,13317,12081
613,14000US08013013506,8013013506,0.096317916,105559,992,0.275708727,104,234,221
614,14000US08013013508,8013013508,0.119571269,84801,1532,0.278140886,140,322,301
615,14000US08013061400,8013061400,0.233009709,128042,1046,0.352188552,0,0,0
616,14000US08031006701,8031006701,0.145279819,76866,690,0.208648322,1044,3514,2801
617,14000US08031000102,8031000102,0.181363904,87798,557,0.190297233,881,2046,1910
618,14000US08031000202,8031000202,0.189426209,57181,619,0.191937984,2402,5424,5118
619,14000US08031000301,8031000301,0.138135593,72173,962,0.187780597,1817,4062,3864
620,14000US08031000302,8031000302,0.121595119,94661,1029,0.261366523,914,2311,2080
621,14000US08013061300,8013061300,0.160621762,167917,576,0.242730721,252,600,558
622,14000US08013013212,8013013212,0.155254091,81354,1030,0.275327453,625,1894,1571
623,14000US08013013507,8013013507,0.133432836,76862,742,0.272093876,330,746,703
624,14000US08123002007,8123002007,0.094958465,109921,949,0.183914729,60,122,121
625,14000US08123001907,8123001907,0.109626584,75694,494,0.213483146,0,0,0
626,14000US08123002014,8123002014,0.092217484,74681,372,0.242029928,0,0,0
627,14000US08035013901,8035013901,0.0891339,118603,1342,0.22050608,0,156,78
628,14000US08035014109,8035014109,0.057080925,121857,480,0.199916701,129,318,288
629,14000US08035014110,8035014110,0.190526876,82215,1291,0.296577073,37,106,89
630,14000US08035014112,8035014112,0.080194411,122097,651,0.206339144,301,868,735
631,14000US08031000401,8031000401,0.158494869,66136,597,0.209180098,1014,2266,2147
632,14000US08035014113,8035014113,0.158463004,133295,620,0.261162595,258,732,624
633,14000US08035014114,8035014114,0.192172897,84300,709,0.245159059,301,752,677
634,14000US08031000501,8031000501,0.111214087,114896,386,0.217587373,858,2458,2101
635,14000US08031000502,8031000502,0.187029432,69858,1118,0.226682887,899,2374,1923
636,14000US08031000600,8031000600,0.115007899,62664,786,0.273106324,840,1964,1821
637,14000US08031000904,8031000904,0.268953753,26511,856,0.225619399,665,1834,1593
638,14000US08031003601,8031003601,0.403611836,52188,895,0.248128639,2367,5112,4796
639,14000US08031006812,8031006812,0.155752212,66462,814,0.225172891,1705,3109,3222
640,14000US08031001600,8031001600,0.236715819,83503,2177,0.206526895,5893,12999,12361
641,14000US08031000701,8031000701,0.266695766,37008,896,0.231824062,2960,6980,6487
642,14000US08031002300,8031002300,0.429272568,84200,1120,0.243637155,1591,4177,3398
643,14000US08031005102,8031005102,0.107091997,76105,780,0.268502582,300,684,642
644,14000US08031001301,8031001301,0.143515107,53180,567,0.139586411,2173,5194,4805
645,14000US08031001302,8031001302,0.230372915,42474,659,0.214239272,1808,3836,3756
646,14000US08031001401,8031001401,0.29352474,43287,1089,0.220445344,1301,3072,2840
647,14000US08031001402,8031001402,0.420424671,45840,836,0.229922992,416,1222,1030
648,14000US08031001403,8031001403,0.187519119,58583,691,0.243481325,3004,7008,6509
649,14000US08005007302,8005007302,0.579622503,35577,1054,0.279205298,3495,7628,7091
650,14000US08031005300,8031005300,0.180487805,44770,317,0.253194888,3725,8326,7804
651,14000US08031005502,8031005502,0.113092445,77039,388,0.237163814,1426,2973,2961
652,14000US08031005503,8031005503,0.184116284,78260,747,0.198617389,438,1024,950
653,14000US08031006804,8031006804,0.131445905,87010,504,0.183073011,2022,5356,4691
655,14000US08031006809,8031006809,0.146502591,68333,1399,0.214045288,4828,10512,9977
656,14000US08031006810,8031006810,0.275843503,64865,1356,0.283741368,1856,4760,4171
657,14000US08031006811,8031006811,0.275452842,65549,1490,0.273645546,1879,3188,3429
658,14000US08031006813,8031006813,0.346,48647,1143,0.293076923,818,2024,1686
659,14000US08059060300,8059060300,0.140682757,98136,890,0.245517241,230,665,553
660,14000US08059009823,8059009823,0.065931823,95915,1101,0.288597641,0,0,0
661,14000US08031006901,8031006901,0.286021505,45613,1502,0.301545874,1794,3577,3590
662,14000US08031007013,8031007013,0.214905564,68773,691,0.208007225,310,964,664
663,14000US08031007037,8031007037,0.60284951,39530,905,0.260132222,835,1786,1696
664,14000US08031007088,8031007088,0.36749322,64450,1003,0.228006365,861,1868,1798
665,14000US08031007089,8031007089,0.209251969,32500,880,0.181480718,1104,2552,2380
666,14000US08001009320,8001009320,0.165843331,42004,790,0.378715244,333,957,804
667,14000US08001009322,8001009322,0.166092202,50230,810,0.237536657,719,1826,1659
668,14000US08001009323,8001009323,0.159340659,56250,759,0.240494297,1145,5290,4949
669,14000US08001009325,8001009325,0.090576923,75020,1018,0.233111976,550,1208,1142
670,14000US08001009401,8001009401,0.165364831,62046,918,0.214435879,285,942,749
671,14000US08059009824,8059009824,0.135353955,86204,1114,0.292005242,231,504,486
672,14000US08031008304,8031008304,0.365498519,49402,793,0.277661064,585,1310,1240
673,14000US08031008305,8031008305,0.407212147,51837,779,0.244430499,1083,2468,2317
674,14000US08031008306,8031008306,0.48284554,46250,1378,0.276318428,2943,6450,6168
675,14000US08001009406,8001009406,0.178815239,66458,861,0.223578291,659,1588,1481
676,14000US08001009407,8001009407,0.23888233,63004,895,0.234846497,691,1538,1505
677,14000US08001009409,8001009409,0.094235231,109363,1038,0.22808174,450,1965,1374
678,14000US08001009410,8001009410,0.085704939,118472,698,0.269290123,0,219,102
679,14000US08001009411,8001009411,0.10805501,83798,610,0.244783307,228,656,552
680,14000US08001009501,8001009501,0.173698799,50887,641,0.26509512,220,702,582
681,14000US08001009502,8001009502,0.168018299,71337,972,0.251227707,2194,4719,4879
682,14000US08001008000,8001008000,0.428456978,50483,1222,0.276846398,1424,3225,2948
683,14000US08001008100,8001008100,0.292459016,46875,331,0.234087694,4092,13825,9158
684,14000US08001008200,8001008200,0.40975053,62689,1207,0.267984014,5787,13610,12284
685,14000US08001008308,8001008308,0.435166817,41619,1072,0.265149641,2401,5432,5006
686,14000US08001008309,8001008309,0.48511469,55024,650,0.231646472,7369,17638,16404
687,14000US08001008505,8001008505,0.060651905,69758,1301,0.226418378,1077,2252,2173
688,14000US08001008506,8001008506,0.142464565,42010,1292,0.240506329,271,1268,1233
689,14000US08001008507,8001008507,0.111724344,81630,1398,0.275902901,939,970,945
690,14000US08031980000,8031980000,0.439104674,54592,266,0.238351254,1564,3512,3323
691,14000US08031011902,8031011902,0.231698226,62180,1008,0.18380744,1123,3012,2658
692,14000US08031011903,8031011903,0.121259843,61750,432,0.196990424,449,1385,1156
693,14000US08031012001,8031012001,0.109313725,78696,401,0.220936639,65,156,143
694,14000US08001008508,8001008508,0.123812754,80117,1114,0.249496081,224,620,604
695,14000US08001008524,8001008524,0.147171163,103340,1390,0.215503876,304,720,715
696,14000US08001008526,8001008526,0.141874463,88182,1358,0.250784857,0,0,0
697,14000US08001060100,8001060100,0.119093354,94191,1118,0.190362677,0,1036,518
698,14000US08001060200,8001060200,0.151760228,64154,836,0.24078341,180,794,553
699,14000US08031012014,8031012014,0.094015772,66708,1398,0.254135612,286,698,640
700,14000US08001008538,8001008538,0.129580807,108472,1400,0.26641294,378,810,792
701,14000US08001015000,8001015000,0.164886515,39675,568,0.246634824,3365,6608,6090
702,14000US08059980400,8059980400,0.21291866,0,421,0.335725678,0,0,0
698,14000US08001060200,8001060200,0.151760228,64154,836,0.24078341,180,794,553
699,14000US08031012014,8031012014,0.094015772,66708,1398,0.254135612,286,698,640
700,14000US08001008538,8001008538,0.129580807,108472,1400,0.26641294,378,810,792
701,14000US08001015000,8001015000,0.164886515,39675,568,0.246634824,3365,6608,6090
702,14000US08059980400,8059980400,0.21291866,0,421,0.335725678,0,0,0