TARGET_FID_12,GEOID_D,FIPS,Proportion of POC,Median Household Income,Proportion Unemployed,Total Population,Proportion Male,Proportion Female,Proportion Did Not Work,Proportion of Renters,Average Household Size,FREQSEP20D,FREQAUG19D,FREQPAND_1,PCT_Change_SEP,PCT_Change_AUG
1,14000US08014030200,8014030200,0.065073716,77159,0.240097502,1967,0.499237417,0.500762583,0.144424132,0.450800915,2.25,5,5,5,0,0
2,14000US08035014504,8035014504,0.045039303,68093,0.264884234,4707,0.454642023,0.545357977,0.230705623,0.411406423,2.58,0,0,0,0,0
3,14000US08013013503,8013013503,0.160141028,49213,0.251919386,5389,0.48598998,0.51401002,0.248080614,0.518404908,2.76,3,5,4,-25,25
4,14000US08014030600,8014030600,0.086168164,83429,0.301977107,6232,0.493260591,0.506739409,0.156087409,0.192685103,2.78,0,2,1,-100,100
5,14000US08005006501,8005006501,0.155373328,47743,0.303059273,2317,0.606819163,0.393180837,0.186424474,0.934939759,1.84,19,24,20,-5,20
6,14000US08005006857,8005006857,0.164133739,146875,0.265143464,2303,0.480677377,0.519322623,0.360255048,0.120218579,2.52,1,1,1,0,0
7,14000US08123001906,8123001906,0.108272506,67578,0.262256809,1644,0.574817518,0.425182482,0.322178988,0.259130435,2.86,0,0,0,0,0
8,14000US08123002010,8123002010,0.103080082,60329,0.288483466,2435,0.509650924,0.490349076,0.204104903,0.225204201,2.84,0,0,0,0,0
9,14000US08001008529,8001008529,0.149827229,65375,0.208827065,7235,0.493020041,0.506979959,0.243001889,0.602642901,2.22,9,6,5,80,20
10,14000US08005007107,8005007107,0.221550357,125203,0.238343469,10088,0.494944489,0.505055511,0.182450043,0.177017602,3.35,3,3,3,0,0
11,14000US08005007103,8005007103,0.134382567,108365,0.196092619,1652,0.517554479,0.482445521,0.277858177,0.066666667,2.82,0,0,0,0,0
12,14000US08005080500,8005080500,0.242688414,63625,0.228336496,3556,0.413104612,0.586895388,0.345667299,0.362181387,2.11,9,11,10,-10,10
13,14000US08005083900,8005083900,0.27048892,59020,0.189504373,2843,0.465001759,0.534998241,0.26364015,0.392307692,1.99,5,6,5,0,20
14,14000US08035013907,8035013907,0.090333092,102930,0.26217765,5524,0.482983345,0.517016655,0.19078319,0.207335711,2.81,0,0,0,0,0
15,14000US08035014202,8035014202,0.113685345,92404,0.296824368,1856,0.536099138,0.463900862,0.302009073,0.124822695,2.62,0,0,0,0,0
16,14000US08014030800,8014030800,0.14199239,85742,0.246765467,5782,0.494465583,0.505534417,0.218772054,0.113741637,2.98,1,2,1,0,100
17,14000US08014031400,8014031400,0.147559809,117679,0.181499123,5225,0.466794258,0.533205742,0.472549511,0.047692308,2.68,0,0,0,0,0
18,14000US08014031300,8014031300,0.094948047,159677,0.223541048,2791,0.487280545,0.512719455,0.21810089,0.116396761,2.82,0,0,0,0,0
19,14000US08014031100,8014031100,0.157751092,66863,0.27696793,5496,0.514737991,0.485262009,0.121477162,0.962056304,1.64,14,28,16,-12.5,75
20,14000US08031005002,8031005002,0.444078546,41946,0.271794062,8199,0.528113185,0.471886815,0.286639292,0.659568345,2.35,24,27,24,0,12.5
21,14000US08035014138,8035014138,0.176270136,85043,0.261424017,3228,0.502478315,0.497521685,0.166843783,0.750151607,1.96,1,1,1,0,0
22,14000US08035014134,8035014134,0.161952915,140188,0.246110631,6329,0.493758888,0.506241112,0.206784788,0.145924841,3.09,0,1,0,0,0
23,14000US08035014132,8035014132,0.103980253,164219,0.223857645,6482,0.443690219,0.556309781,0.224077329,0.056557777,3.16,1,2,1,0,100
24,14000US08035014140,8035014140,0.112357414,161618,0.274519591,5260,0.492395437,0.507604563,0.205390567,0.016930023,2.97,0,1,0,0,0
25,14000US08035013910,8035013910,0.095420369,138771,0.210516142,7315,0.493096377,0.506903623,0.245505509,0.060645724,3.19,0,0,0,0,0
26,14000US08123002013,8123002013,0.071905822,106143,0.214318921,3143,0.500795418,0.499204582,0.207810321,0.055220884,3.16,0,0,0,0,0
27,14000US08001061200,8001061200,0.111443211,132250,0.179988159,2342,0.523057216,0.476942784,0.166370634,0.083946981,3.45,0,0,0,0,0
28,14000US08001008543,8001008543,0.09933486,78482,0.212043465,9171,0.512921165,0.487078835,0.326592212,0.252922423,3.18,2,2,1,100,100
29,14000US08001008542,8001008542,0.159995589,97245,0.216446858,9069,0.531260337,0.468739663,0.181536074,0.19195275,3.35,4,3,2,100,50
30,14000US08031015400,8031015400,0.101921132,70208,0.296332518,4945,0.454398382,0.545601618,0.29608802,0.309495897,2.44,21,23,21,0,9.52
31,14000US08031004405,8031004405,0.2269153,84866,0.28817085,8902,0.432037744,0.567962256,0.230203855,0.449798184,2.24,16,19,16,0,18.75
32,14000US08005004952,8005004952,0.311356576,50909,0.222345133,2897,0.577148775,0.422851225,0.166666667,0.976306197,1.76,17,21,18,-5.56,16.67
33,14000US08013060600,8013060600,0.267922035,111696,0.282512116,6054,0.510241163,0.489758837,0.180129241,0.671635434,2.58,6,7,6,0,16.67
34,14000US08013012608,8013012608,0.150118203,80852,0.398036591,2538,0.523246651,0.476753349,0.171798304,0.523152709,2.4,3,5,3,0,66.67
35,14000US08013013213,8013013213,0.152612137,91341,0.318194884,9475,0.496886544,0.503113456,0.248347226,0.444212411,2.83,3,5,4,-25,25
36,14000US08013012607,8013012607,0.186601129,24793,0.584246703,5493,0.52284726,0.47715274,0.195430058,0.908472269,1.86,7,12,9,-22.22,33.33
37,14000US08013013505,8013013505,0.110591536,44479,0.205368693,4277,0.518821604,0.481178396,0.336998706,0.736068585,2.62,3,4,3,0,33.33
38,14000US08013060800,8013060800,0.095712377,54393,0.34432504,8233,0.505405077,0.494594923,0.223318122,0.463145676,2.39,13,20,14,-7.14,42.86
39,14000US08013012508,8013012508,0.122170543,76397,0.406327764,3225,0.528992248,0.471007752,0.145396374,0.576894224,2.42,7,10,8,-12.5,25
40,14000US08013012509,8013012509,0.150842946,102450,0.28849828,3381,0.455782313,0.544217687,0.340084066,0.250190694,2.54,25,33,28,-10.71,17.86
41,14000US08013012511,8013012511,0.180829261,53870,0.461181924,6343,0.523096327,0.476903673,0.373117034,0.648918469,1.93,10,13,10,0,30
42,14000US08013012603,8013012603,0.094350784,108141,0.385989492,3381,0.534161491,0.465838509,0.245884413,0.314121037,2.44,5,8,6,-16.67,33.33
43,14000US08013012701,8013012701,0.051215977,150117,0.294527363,6209,0.456434208,0.543565792,0.255522388,0.15478701,2.59,14,17,15,-6.67,13.33
44,14000US08013012705,8013012705,0.130265568,65963,0.30806909,4368,0.504807692,0.495192308,0.146429492,0.559508125,1.92,15,18,15,0,20
45,14000US08013012708,8013012708,0.011111111,106186,0.305497564,5040,0.522222222,0.477777778,0.283228949,0.201255043,2.26,7,6,6,16.67,0
46,14000US08013012709,8013012709,0.058367769,111042,0.336102236,1936,0.478305785,0.521694215,0.285623003,0.033381713,2.81,9,8,8,12.5,0
47,14000US08013012903,8013012903,0.115876289,133750,0.315871369,2425,0.496082474,0.503917526,0.272302905,0.107411386,2.6,8,9,7,14.29,28.57
48,14000US08013012904,8013012904,0.057122067,90982,0.285090592,5497,0.480989631,0.519010369,0.317179655,0.218048359,2.34,8,9,7,14.29,28.57
49,14000US08013012905,8013012905,0.130188679,54290,0.31843318,2650,0.468301887,0.531698113,0.317511521,0.41906327,2.17,7,8,6,16.67,33.33
50,14000US08013060900,8013060900,0.098829649,74286,0.29799733,4614,0.470307759,0.529692241,0.224566088,0.295263158,2.43,6,9,7,-14.29,28.57
51,14000US08013012907,8013012907,0.146507666,81250,0.245207957,3522,0.506246451,0.493753549,0.270886076,0.266030014,2.4,7,9,7,0,28.57
52,14000US08013013003,8013013003,0.070402703,103701,0.299438005,7102,0.514080541,0.485919459,0.22567615,0.234585918,2.59,19,23,18,5.56,27.78
53,14000US08031004404,8031004404,0.566511179,37976,0.296768707,6217,0.50120637,0.49879363,0.247236395,0.708773355,2.53,14,19,16,-12.5,18.75
54,14000US08031004403,8031004403,0.33020595,59229,0.28943299,4370,0.526086957,0.473913043,0.190463918,0.581845997,2.23,17,21,19,-10.53,10.53
55,14000US08013013004,8013013004,0.097657353,131406,0.338810642,3543,0.485746542,0.514253458,0.192879499,0.101059495,2.89,9,11,9,0,22.22
56,14000US08013013005,8013013005,0.095517774,86058,0.299009901,3235,0.497372488,0.502627512,0.252673267,0.315057915,2.49,14,18,15,-6.67,20
57,14000US08013013006,8013013006,0.094620641,98611,0.341207934,5707,0.472927983,0.527072017,0.182973033,0.29055912,2.6,7,8,7,0,14.29
58,14000US08013013205,8013013205,0.03765308,110417,0.29592984,5471,0.506488759,0.493511241,0.342028334,0.154252763,2.63,5,6,5,0,20
59,14000US08013013207,8013013207,0.063989409,86635,0.335898116,4532,0.495366284,0.504633716,0.252586893,0.348989623,2.47,1,1,1,0,0
60,14000US08031003701,8031003701,0.156002265,67946,0.27015873,3532,0.454699887,0.545300113,0.185079365,0.62962963,1.8,29,35,29,0,20.69
61,14000US08031003702,8031003702,0.130857143,53354,0.300609756,5250,0.545142857,0.454857143,0.141260163,0.681554103,1.86,15,18,15,0,20
62,14000US08031003703,8031003703,0.151754663,62680,0.260480115,3163,0.483085678,0.516914322,0.142959513,0.58031401,1.91,22,22,19,15.79,15.79
63,14000US08031003800,8031003800,0.117327229,107574,0.228598015,6989,0.47403062,0.52596938,0.339950372,0.483054893,1.67,26,37,30,-13.33,23.33
64,14000US08031003901,8031003901,0.064941176,126964,0.197730956,4250,0.510352941,0.489647059,0.345488925,0.204618938,1.96,16,19,15,6.67,26.67
65,14000US08031004102,8031004102,0.585741811,51958,0.254346746,5190,0.508092486,0.491907514,0.394187779,0.445972495,3.13,24,28,24,0,16.67
66,14000US08031004103,8031004103,0.323184153,115977,0.265882353,5452,0.457630227,0.542369773,0.233882353,0.074783402,2.49,14,20,16,-12.5,25
67,14000US08031004104,8031004104,0.438185654,91337,0.24805397,4740,0.488607595,0.511392405,0.233783083,0.141955836,2.49,21,30,24,-12.5,25
68,14000US08005082300,8005082300,0.261263467,61078,0.22804164,4084,0.488981391,0.511018609,0.252765127,0.403050109,2.97,4,5,4,0,25
69,14000US08005080800,8005080800,0.532646979,55219,0.236572366,3691,0.526686535,0.473313465,0.253382534,0.565449688,3.28,5,5,5,0,0
70,14000US08005006502,8005006502,0.060022334,65816,0.313273153,3582,0.456448911,0.543551089,0.229354731,0.427690199,2.46,1,5,3,-66.67,66.67
71,14000US08005082600,8005082600,0.680312616,58545,0.186063218,5374,0.511723111,0.488276889,0.234434866,0.631205674,2.38,14,17,15,-6.67,13.33
72,14000US08005005628,8005005628,0.038831615,86856,0.248984826,5820,0.503436426,0.496563574,0.282325283,0.185217774,2.51,2,3,2,0,50
73,14000US08005006711,8005006711,0.121856867,123162,0.295783318,4136,0.501934236,0.498065764,0.262850108,0.06512605,2.89,2,2,2,0,0
74,14000US08001009603,8001009603,0.18510158,46451,0.231712386,6645,0.545974417,0.454025583,0.263300083,0.532194481,2.86,4,9,4,0,125
75,14000US08001009604,8001009604,0.219451932,51555,0.1854903,4452,0.477538185,0.522461815,0.382141908,0.538868324,2.3,3,8,4,-25,100
76,14000US08031004304,8031004304,0.156324582,100043,0.248956055,5866,0.461131947,0.538868053,0.201232849,0.271746945,2.09,25,32,27,-7.41,18.52
77,14000US08005005627,8005005627,0.058947813,104911,0.293828509,4733,0.455102472,0.544897528,0.283178591,0.091356674,2.58,3,4,3,0,33.33
78,14000US08005081300,8005081300,0.391373295,54375,0.255106294,3153,0.4452902,0.5547098,0.22676115,0.453433678,2.97,9,10,9,0,11.11
79,14000US08005084000,8005084000,0.225037821,98672,0.278873239,2644,0.520801815,0.479198185,0.254460094,0.195508587,3.49,6,8,6,0,33.33
80,14000US08001009608,8001009608,0.204502814,75556,0.259337562,3198,0.506566604,0.493433396,0.247709655,0.118656716,2.38,8,9,10,-20,-10
81,14000US08001009607,8001009607,0.196782421,46082,0.280922931,5097,0.490876986,0.509123014,0.296146527,0.536865101,2.74,2,3,2,0,50
82,14000US08014030500,8014030500,0.171672355,137603,0.226850804,5860,0.5,0.5,0.24767942,0.093720712,2.75,0,1,0,0,0
83,14000US08014031000,8014031000,0.230560732,109291,0.244042163,5903,0.489920379,0.510079621,0.218148488,0.113475177,2.62,0,0,0,0,0
84,14000US08005081200,8005081200,0.553467001,48262,0.276174773,4788,0.507936508,0.492063492,0.275350371,0.456836461,2.57,11,14,12,-8.33,16.67
85,14000US08005007500,8005007500,0.432343234,59063,0.209455745,2424,0.500825083,0.499174917,0.346344145,0.456162643,3.07,8,8,7,14.29,14.29
86,14000US08005005551,8005005551,0.292558614,48528,0.188703466,2943,0.52259599,0.47740401,0.293966624,0.484333035,2.6,10,11,10,0,10
87,14000US08005005630,8005005630,0.09785322,94229,0.288234073,6009,0.513562989,0.486437011,0.223490351,0.131213614,2.67,2,2,2,0,0
88,14000US08005005552,8005005552,0.11630396,32008,0.20794702,2803,0.54084909,0.45915091,0.414128035,0.361089494,2.18,7,7,7,0,0
89,14000US08005005553,8005005553,0.114934114,56474,0.23223192,4098,0.522205954,0.477794046,0.262780549,0.469677419,2.64,10,11,10,0,10
90,14000US08005005611,8005005611,0.083470923,81930,0.26006332,5451,0.53953403,0.46046597,0.29149706,0.151090343,2.8,9,14,10,-10,40
91,14000US08005005612,8005005612,0.032552083,83617,0.261087029,3840,0.483072917,0.516927083,0.268422808,0.342969777,2.51,5,8,5,0,60
92,14000US08005005614,8005005614,0.119749216,92125,0.200543057,3190,0.487774295,0.512225705,0.343677269,0.088666153,2.46,3,4,3,0,33.33
93,14000US08005005619,8005005619,0.069935858,84211,0.187941473,4833,0.498034347,0.501965653,0.315338042,0.203176342,2.63,8,11,9,-11.11,22.22
94,14000US08005005620,8005005620,0.089675711,55429,0.20613225,3022,0.430509596,0.569490404,0.3801256,0.501182033,1.79,3,4,3,0,33.33
95,14000US08001009553,8001009553,0.188572961,56094,0.244251916,3728,0.58610515,0.41389485,0.295234922,0.476351351,3.15,15,21,18,-16.67,16.67
96,14000US08005005621,8005005621,0.050929112,121250,0.296403473,2906,0.447694425,0.552305575,0.288962381,0.093023256,2.41,1,1,1,0,0
97,14000US08005005622,8005005622,0.057931571,113125,0.181030332,2572,0.528771384,0.471228616,0.318728936,0.338755981,2.46,3,5,4,-25,25
98,14000US08005005624,8005005624,0.15085592,112218,0.271148709,2804,0.512838802,0.487161198,0.325022262,0.087456847,3.22,5,8,6,-16.67,33.33
99,14000US08005005625,8005005625,0.097066167,89907,0.194889397,3204,0.471285893,0.528714107,0.262776506,0.1864,2.55,7,10,8,-12.5,25
100,14000US08005005626,8005005626,0.061608961,70197,0.286750789,3928,0.487525458,0.512474542,0.282649842,0.292800968,2.37,7,14,10,-30,40
101,14000US08005005629,8005005629,0.045311269,151667,0.262926829,2538,0.510244287,0.489755713,0.355121951,0.06937799,3.04,0,0,0,0,0
102,14000US08005084700,8005084700,0.235500468,79884,0.250655785,4276,0.473807297,0.526192703,0.261439813,0.199501247,2.66,10,11,10,0,10
103,14000US08005083400,8005083400,0.329857686,78550,0.243570058,7097,0.508947443,0.491052557,0.21074856,0.118308592,3.19,14,15,14,0,7.14
104,14000US08005005631,8005005631,0.077989601,114119,0.259680284,3462,0.47689197,0.52310803,0.255772647,0.029671211,2.77,2,3,2,0,50
105,14000US08005007703,8005007703,0.34625323,52981,0.302642332,4644,0.534237726,0.465762274,0.288477254,0.526184539,2.89,14,15,13,7.69,15.38
106,14000US08013013202,8013013202,0.035932203,118839,0.301176471,1475,0.492881356,0.507118644,0.373333333,0.062271062,2.7,0,0,0,0,0
107,14000US08013012401,8013012401,0.091424866,22578,0.692423482,6169,0.488896093,0.511103907,0.184980766,0.797019527,2.77,16,20,16,0,25
108,14000US08013012510,8013012510,0.063839386,120441,0.317812669,4433,0.48184074,0.51815926,0.290471034,0.203191489,2.35,9,11,10,-10,10
109,14000US08031004107,8031004107,0.1944007,118692,0.20291274,11430,0.492300962,0.507699038,0.194835393,0.336716681,2.49,61,71,61,0,16.39
110,14000US08031004106,8031004106,0.183347481,148795,0.205125373,12959,0.500733081,0.499266919,0.310725726,0.208927131,2.96,23,27,23,0,17.39
111,14000US08031015500,8031015500,0.215581098,52057,0.30014771,3915,0.543805875,0.456194125,0.126735598,0.910472056,2.11,9,10,9,0,11.11
112,14000US08005005635,8005005635,0.095585257,92604,0.233710026,4938,0.454029972,0.545970028,0.392642462,0.171026157,2.37,3,3,3,0,0
113,14000US08005006713,8005006713,0.38305709,72340,0.174188999,1629,0.542664211,0.457335789,0.14809591,1,1.87,0,1,0,0,0
114,14000US08005084600,8005084600,0.294226158,69310,0.205930423,5421,0.482198856,0.517801144,0.248190521,0.384928717,2.76,11,14,12,-8.33,16.67
115,14000US08005005636,8005005636,0.056603774,202188,0.296272073,1908,0.465932914,0.534067086,0.387835186,0,2.76,0,1,0,0,0
116,14000US08031001701,8031001701,0.113444734,93654,0.22758401,6523,0.605856201,0.394143799,0.216913521,0.678637201,1.5,170,223,185,-8.11,20.54
117,14000US08031001702,8031001702,0.177521749,65408,0.334995252,4253,0.577709852,0.422290148,0.216761633,0.640879788,1.41,222,311,253,-12.25,22.92
118,14000US08031001800,8031001800,0.307781313,47725,0.288474132,3457,0.515475846,0.484524154,0.276031434,0.668797211,1.97,9,11,9,0,22.22
119,14000US08005086200,8005086200,0.236795252,108720,0.20992291,6740,0.49925816,0.50074184,0.240561376,0.1223272,3.35,6,8,6,0,33.33
120,14000US08005085400,8005085400,0.234627126,132083,0.282227964,4586,0.47623201,0.52376799,0.136376687,0.03997195,3.2,3,4,3,0,33.33
121,14000US08031002000,8031002000,0.196185286,100947,0.158525346,2202,0.560399637,0.439600363,0.25437788,0.737613398,1.54,18,23,19,-5.26,21.05
122,14000US08031002402,8031002402,0.288700846,73125,0.246745562,2009,0.469885515,0.530114485,0.214792899,0.516166282,2.21,4,8,5,-20,60
123,14000US08005005633,8005005633,0.062214984,104756,0.243222004,3070,0.45276873,0.54723127,0.240078585,0.213533835,2.31,1,3,2,-50,50
124,14000US08005005634,8005005634,0.077844311,68586,0.170901497,3173,0.412543334,0.587456666,0.429516185,0.200368777,1.88,4,8,6,-33.33,33.33
125,14000US08005005700,8005005700,0.119084362,48465,0.304575925,3888,0.543981481,0.456018519,0.18944914,0.7233809,2.13,40,45,39,2.56,15.38
126,14000US08005005800,8005005800,0.085662432,81708,0.259751393,2755,0.458802178,0.541197822,0.258894128,0.199183673,2.25,5,5,5,0,0
127,14000US08005005951,8005005951,0.128593041,36640,0.184171229,4627,0.432029393,0.567970607,0.3753111,0.713836478,1.7,21,22,18,16.67,22.22
128,14000US08005005952,8005005952,0.109994417,58869,0.254822335,3582,0.486878839,0.513121161,0.299492386,0.631391201,2.11,1,2,2,-50,0
129,14000US08005006000,8005006000,0.10955799,51201,0.247288503,2647,0.539856441,0.460143559,0.276355748,0.42437276,1.89,13,15,14,-7.14,7.14
130,14000US08005084900,8005084900,0.196519652,145938,0.235578712,3333,0.483048305,0.516951695,0.211760328,0.041587902,3.15,4,5,5,-20,0
131,14000US08014030900,8014030900,0.137889482,108385,0.225097025,5809,0.524875194,0.475124806,0.277705908,0.130849614,2.64,0,1,0,0,0
132,14000US08123002009,8123002009,0.026086957,97188,0.211034483,1725,0.474782609,0.525217391,0.310344828,0.070121951,2.62,0,0,0,0,0
133,14000US08005006712,8005006712,0.102158273,182031,0.218560278,1390,0.517266187,0.482733813,0.402428448,0.122625216,2.4,17,26,20,-15,30
134,14000US08005006858,8005006858,0.245716589,74571,0.200810875,4961,0.501914937,0.498085063,0.269258288,0.816779533,1.83,9,6,7,28.57,-14.29
135,14000US08031005104,8031005104,0.340076545,44926,0.247727273,3658,0.482504101,0.517495899,0.307467532,0.821534801,2.01,7,7,7,0,0
136,14000US08031003500,8031003500,0.264865681,54602,0.236651947,6626,0.531693329,0.468306671,0.309714974,0.539656129,3.66,55,55,49,12.24,12.24
137,14000US08031002701,8031002701,0.158085106,41957,0.251564186,4700,0.569787234,0.430212766,0.147357066,0.870653686,1.29,27,32,28,-3.57,14.29
138,14000US08031005200,8031005200,0.164500968,107875,0.208224543,3617,0.512303014,0.487696986,0.256201044,0.176300578,2.61,9,10,9,0,11.11
139,14000US08031006814,8031006814,0.405788656,55284,0.273784355,5148,0.518648019,0.481351981,0.175739958,0.477261614,2.52,9,12,9,0,33.33
140,14000US08031001500,8031001500,0.188571429,50185,0.28591431,4550,0.585494505,0.414505495,0.337440493,0.590371622,3.13,19,29,27,-29.63,7.41
141,14000US08031002100,8031002100,0.169817027,72064,0.209432314,6613,0.499319522,0.500680478,0.19441048,0.562885928,2.13,78,92,80,-2.5,15
142,14000US08031002403,8031002403,0.337680816,46758,0.256561328,4217,0.522883567,0.477116433,0.269416176,0.701259227,1.76,39,43,38,2.63,13.16
143,14000US08031002601,8031002601,0.151506538,50858,0.222286043,3518,0.552586697,0.447413303,0.243825388,0.913465427,1.39,31,43,33,-6.06,30.3
144,14000US08031002602,8031002602,0.120689655,80286,0.177523264,2842,0.512667136,0.487332864,0.141732283,0.741547278,1.57,5,9,5,0,80
145,14000US08031002702,8031002702,0.123903684,61611,0.247981546,6271,0.524637219,0.475362781,0.110232328,0.713024809,1.47,11,13,11,0,18.18
146,14000US08005006100,8005006100,0.15138191,50802,0.263195691,3184,0.498429648,0.501570352,0.245960503,0.57571965,1.95,3,4,4,-25,0
147,14000US08031002801,8031002801,0.095133553,66096,0.207307387,2733,0.413830955,0.586169045,0.160444797,0.606280193,1.65,5,5,5,0,0
148,14000US08031002802,8031002802,0.099272471,56576,0.246301583,4261,0.512555738,0.487444262,0.161951726,0.691017518,1.58,10,17,13,-23.08,30.77
149,14000US08031002803,8031002803,0.12179623,60560,0.261353517,4721,0.530607922,0.469392078,0.140694568,0.762629534,1.52,4,5,4,0,25
150,14000US08005005623,8005005623,0.035262206,110417,0.257859821,4424,0.486437613,0.513562387,0.286414768,0.19364332,2.6,5,10,7,-28.57,42.86
151,14000US08005087200,8005087200,0.374205695,53495,0.263949118,4249,0.45587197,0.54412803,0.209309049,0.751646284,1.99,12,14,12,0,16.67
152,14000US08005006200,8005006200,0.117194436,66034,0.210093057,3379,0.486830423,0.513169577,0.274874732,0.376126126,2.54,5,5,5,0,0
153,14000US08005006300,8005006300,0.042823156,69280,0.239072257,2522,0.534496431,0.465503569,0.217662801,0.127081507,2.21,3,4,4,-25,0
154,14000US08005006400,8005006400,0.188813258,61042,0.303690685,3379,0.527079017,0.472920983,0.225659051,0.431279621,2.57,2,2,2,0,0
155,14000US08005006601,8005006601,0.197212912,42298,0.189805929,5669,0.503792556,0.496207444,0.238430369,0.739386792,2.16,6,8,6,0,33.33
156,14000US08005082100,8005082100,0.534782609,63750,0.294003115,7130,0.440813464,0.559186536,0.230334891,0.572469983,3.06,13,15,13,0,15.38
157,14000US08005082700,8005082700,0.330049261,86694,0.266179541,3654,0.522714833,0.477285167,0.195546277,0.106034483,3.15,6,8,7,-14.29,14.29
158,14000US08005086800,8005086800,0.55732138,59416,0.326343818,7362,0.510866612,0.489133388,0.210850391,0.652488973,2.32,13,15,13,0,15.38
159,14000US08005086400,8005086400,0.111961722,168281,0.244145199,2090,0.514832536,0.485167464,0.285714286,0.053867403,2.89,0,1,0,0,0
160,14000US08005006855,8005006855,0.269645609,125234,0.270951036,5841,0.509673001,0.490326999,0.218455744,0.19006589,2.95,4,2,3,33.33,-33.33
161,14000US08005082800,8005082800,0.388446622,66069,0.190933728,4899,0.50806287,0.49193713,0.270756344,0.244456463,2.65,11,14,12,-8.33,16.67
162,14000US08005083500,8005083500,0.484805318,62245,0.278859955,6318,0.465653688,0.534346312,0.22739389,0.459534884,2.94,6,9,7,-14.29,28.57
163,14000US08005083300,8005083300,0.249889527,84464,0.227586207,4526,0.521210782,0.478789218,0.250397878,0.131843575,2.53,3,4,3,0,33.33
164,14000US08005006603,8005006603,0.114724481,82586,0.260614934,3321,0.491418248,0.508581752,0.292825769,0.314932767,2.34,3,6,4,-25,50
165,14000US08005006604,8005006604,0.129764265,47127,0.245050829,4539,0.480722626,0.519277374,0.235687533,0.588848359,2.36,6,10,7,-14.29,42.86
166,14000US08005006704,8005006704,0.043363995,250001,0.221244131,4566,0.492115637,0.507884363,0.377934272,0.013815789,3,3,6,4,-25,50
167,14000US08005006705,8005006705,0.030973451,250001,0.267019167,2034,0.477384464,0.522615536,0.389292796,0.128325509,3.18,1,4,1,0,300
168,14000US08005006706,8005006706,0.128489408,97435,0.228981723,5051,0.45357355,0.54642645,0.260313316,0.240275726,2.49,2,2,2,0,0
169,14000US08005006707,8005006707,0.118831043,103629,0.216864551,5167,0.545771241,0.454228759,0.234068331,0.247334755,2.73,1,2,1,0,100
170,14000US08005006708,8005006708,0.091438556,112467,0.229862475,5151,0.499902931,0.500097069,0.242632613,0.171788413,2.59,0,0,0,0,0
171,14000US08005006709,8005006709,0.067327866,123482,0.265970367,5243,0.500286096,0.499713904,0.257954821,0.140668524,2.43,8,11,9,-11.11,22.22
172,14000US08059009849,8059009849,0.090364629,64855,0.336407462,5677,0.534261053,0.465738947,0.268077971,0.309657861,2.34,0,0,0,0,0
173,14000US08005015100,8005015100,0.090409075,136176,0.299539171,2909,0.474733585,0.525266415,0.242144952,0.068097015,2.6,7,8,7,0,14.29
174,14000US08031015300,8031015300,0.146121014,46786,0.270460705,3983,0.553853879,0.446146121,0.17398374,0.753213368,1.71,4,5,4,0,25
175,14000US08005006808,8005006808,0.099610368,167721,0.283100846,5903,0.482297137,0.517702863,0.261376629,0.05720339,3.11,0,0,0,0,0
176,14000US08005006815,8005006815,0.286682194,66250,0.28761799,4723,0.4556426,0.5443574,0.222098834,0.558855886,2.59,3,2,3,0,-33.33
177,14000US08005006854,8005006854,0.308283233,82059,0.208813839,2994,0.502338009,0.497661991,0.291598023,0.595315024,2.42,9,12,10,-10,20
178,14000US08005080200,8005080200,0.388324488,82967,0.230116258,6595,0.46959818,0.53040182,0.272744049,0.445218199,3.05,13,14,12,8.33,16.67
179,14000US08005081800,8005081800,0.463159759,51932,0.249348187,5646,0.462451293,0.537548707,0.270443233,0.532022828,3.54,31,36,31,0,16.13
180,14000US08005081900,8005081900,0.457280045,42815,0.217482785,7081,0.537635927,0.462364073,0.377773527,0.513765354,2.99,11,13,11,0,18.18
181,14000US08005080000,8005080000,0.45190409,51400,0.27934356,3545,0.456135402,0.543864598,0.34284695,0.499196141,2.85,8,9,8,0,12.5
182,14000US08005080100,8005080100,0.435536803,39515,0.237719298,4266,0.49859353,0.50140647,0.292982456,0.626526082,2.33,11,11,10,10,10
183,14000US08031002901,8031002901,0.08172232,81779,0.251559934,3414,0.55506737,0.44493263,0.134975369,0.515240328,2,8,9,8,0,12.5
184,14000US08035014139,8035014139,0.141751934,120714,0.257366771,4007,0.472922386,0.527077614,0.264576803,0.083773087,2.64,1,2,1,0,100
185,14000US08005080900,8005080900,0.408673062,65270,0.321073009,5004,0.502997602,0.497002398,0.274336283,0.256161314,3.73,6,6,5,20,20
186,14000US08005080700,8005080700,0.440283051,66882,0.248874887,5794,0.518122195,0.481877805,0.302880288,0.446354167,2.91,16,17,16,0,6.25
187,14000US08005080300,8005080300,0.416531018,68924,0.260188088,5529,0.499366974,0.500633026,0.217972832,0.242598321,2.44,18,19,17,5.88,11.76
188,14000US08005080400,8005080400,0.332754964,69175,0.250520472,5187,0.49739734,0.50260266,0.242424242,0.230092819,2.53,27,34,28,-3.57,21.43
189,14000US08005081600,8005081600,0.283604986,73611,0.16917111,5215,0.48379674,0.51620326,0.350218129,0.289130435,2.72,16,17,16,0,6.25
190,14000US08005082500,8005082500,0.238646483,68618,0.27765237,2246,0.487978629,0.512021371,0.239277652,0.139973082,3.02,6,7,6,0,16.67
191,14000US08031002902,8031002902,0.07373494,120446,0.178178743,4150,0.501927711,0.498072289,0.206935438,0.314196242,2.17,8,7,6,33.33,16.67
192,14000US08031003001,8031003001,0.083244963,102313,0.258577406,5658,0.445917285,0.554082715,0.143514644,0.317607727,2.1,34,36,32,6.25,12.5
193,14000US08031003002,8031003002,0.151228733,91033,0.234693878,2645,0.480151229,0.519848771,0.174319728,0.452509653,2.01,9,10,9,0,11.11
194,14000US08031003004,8031003004,0.131495564,65052,0.310219641,6312,0.512674271,0.487325729,0.25630786,0.528506034,2.18,9,10,8,12.5,25
195,14000US08031003101,8031003101,0.272519954,64250,0.275,1754,0.527366021,0.472633979,0.151351351,0.543589744,2.24,3,7,4,-25,75
196,14000US08031003102,8031003102,0.213793103,43219,0.284448518,3480,0.502586207,0.497413793,0.262755881,0.792860734,1.58,16,18,15,6.67,20
197,14000US08123002004,8123002004,0.043863636,53932,0.224575007,4400,0.525227273,0.474772727,0.269012824,0.364772017,2.75,0,0,0,0,0
198,14000US08123002005,8123002005,0.066231343,114188,0.162127108,1072,0.527052239,0.472947761,0.207522698,0.119533528,3.13,0,0,0,0,0
199,14000US08123002019,8123002019,0.117379436,96419,0.222138931,5495,0.500272975,0.499727025,0.234382809,0.087139108,2.88,0,0,0,0,0
200,14000US08123002018,8123002018,0.105908584,120789,0.267680608,1794,0.505016722,0.494983278,0.169581749,0.090225564,3.37,0,0,0,0,0
201,14000US08123002006,8123002006,0.072033898,132734,0.209756098,236,0.63559322,0.36440678,0.395121951,0.105263158,2.48,0,0,0,0,0
202,14000US08005081000,8005081000,0.576476702,36737,0.290224509,5773,0.445522259,0.554477741,0.262160898,0.685936152,2.47,29,33,29,0,13.79
203,14000US08005082400,8005082400,0.473723168,62461,0.274918179,4053,0.518874907,0.481125093,0.256471288,0.379358438,2.83,13,17,14,-7.14,21.43
204,14000US08005084500,8005084500,0.348868176,62292,0.247013652,3004,0.470039947,0.529960053,0.230375427,0.679862306,2.57,3,4,4,-25,0
205,14000US08059009852,8059009852,0.053717915,88294,0.249311716,3779,0.534532945,0.465467055,0.333129397,0.049615653,2.63,4,5,4,0,25
206,14000US08059009850,8059009850,0.072954454,129231,0.306504445,2481,0.458686014,0.541313986,0.237248479,0.079766537,2.4,0,0,0,0,0
207,14000US08059011402,8059011402,0.226622662,41990,0.280519481,4545,0.538173817,0.461826183,0.283896104,0.70201005,2.12,10,13,11,-9.09,18.18
208,14000US08059012059,8059012059,0.048996458,93884,0.219389726,3388,0.508559622,0.491440378,0.272692159,0.285592498,2.87,0,1,0,0,0
209,14000US08035013911,8035013911,0.051570681,141653,0.259702042,7640,0.515968586,0.484031414,0.256207467,0.05298608,3.43,0,0,0,0,0
210,14000US08035014009,8035014009,0.140841584,105474,0.327940681,4040,0.50990099,0.49009901,0.189079879,0.060192616,3.24,0,1,0,0,0
211,14000US08035014012,8035014012,0.112197448,112708,0.208825978,8387,0.524144509,0.475855491,0.232805995,0.206243032,3.09,0,0,0,0,0
212,14000US08035014013,8035014013,0.056745328,144756,0.2654444,7331,0.492020188,0.507979812,0.245516142,0.073138877,3.19,0,0,0,0,0
213,14000US08035014125,8035014125,0.092525937,126480,0.214768591,4723,0.490154563,0.509845437,0.24024961,0.432762836,2.31,7,12,9,-22.22,33.33
214,14000US08035014137,8035014137,0.16948811,160599,0.261513401,9924,0.494860943,0.505139057,0.219754183,0.101112235,3.34,0,1,0,0,0
215,14000US08035014131,8035014131,0.092726499,85115,0.208674699,4702,0.504040834,0.495959166,0.431566265,0.609695974,1.93,14,18,15,-6.67,20
216,14000US08035014135,8035014135,0.076213592,179000,0.299062174,4120,0.511893204,0.488106796,0.259117749,0.030660377,3.24,0,1,0,0,0
217,14000US08035014204,8035014204,0.083134684,117083,0.195406773,3356,0.474672229,0.525327771,0.179836512,0.041315346,2.83,0,0,0,0,0
218,14000US08035014406,8035014406,0.115692016,114265,0.2742876,12637,0.483263433,0.516736567,0.220376279,0.149883991,2.93,0,0,0,0,0
219,14000US08035014203,8035014203,0.06379073,135463,0.205360662,6537,0.530824537,0.469175463,0.260938116,0.022270742,2.85,0,0,0,0,0
220,14000US08035014136,8035014136,0.146268015,102313,0.256083086,9298,0.513121101,0.486878899,0.202522255,0.247846256,3.08,2,4,3,-33.33,33.33
221,14000US08035014128,8035014128,0.10941578,108255,0.259964001,4981,0.479421803,0.520578197,0.177423502,0.165226782,2.69,1,1,1,0,0
222,14000US08035014404,8035014404,0.07057921,126767,0.22270177,2607,0.489835059,0.510164941,0.356063876,0.04178273,2.42,0,0,0,0,0
223,14000US08035014403,8035014403,0.050697757,122969,0.271804836,5661,0.47217806,0.52782194,0.300949914,0.184657786,2.6,0,0,0,0,0
224,14000US08035014603,8035014603,0.061894737,96379,0.257572718,7125,0.517333333,0.482666667,0.146038114,0.134484325,3.24,0,0,0,0,0
225,14000US08035014505,8035014505,0.069643513,95819,0.255426442,5442,0.482910695,0.517089305,0.263538698,0.285847735,2.49,0,0,0,0,0
226,14000US08035014405,8035014405,0.092676604,131944,0.234565653,7715,0.52404407,0.47595593,0.20269532,0.088235294,3.2,0,0,0,0,0
227,14000US08005081100,8005081100,0.601605136,41673,0.293457944,6230,0.463402889,0.536597111,0.184423676,0.748596632,2.5,49,56,50,-2,12
228,14000US08005082000,8005082000,0.547092744,46278,0.221350078,4162,0.496636233,0.503363767,0.242072214,0.825086306,2.39,10,16,12,-16.67,33.33
229,14000US08005082200,8005082200,0.496095544,54602,0.315952704,6531,0.564232124,0.435767876,0.24171351,0.351860575,3.08,12,14,12,0,16.67
230,14000US08005081400,8005081400,0.301699717,69559,0.217056475,4236,0.496222852,0.503777148,0.375641757,0.259142497,2.59,19,26,21,-9.52,23.81
231,14000US08005084100,8005084100,0.345554336,72538,0.266275496,4555,0.492645445,0.507354555,0.180217938,0.291585127,2.97,8,10,8,0,25
232,14000US08005084200,8005084200,0.290356671,73846,0.255333792,3785,0.471070013,0.528929987,0.189607708,0.23155416,2.97,6,9,7,-14.29,28.57
233,14000US08005084300,8005084300,0.282713596,77368,0.300925926,3523,0.506102753,0.493897247,0.18482906,0.216949153,2.98,3,3,3,0,0
234,14000US08005084400,8005084400,0.354700855,82686,0.146253926,2808,0.490740741,0.509259259,0.185733513,0.183183183,2.81,1,1,1,0,0
235,14000US08005085700,8005085700,0.224037601,69595,0.200950252,4468,0.542300806,0.457699194,0.200670766,0.3130227,2.67,2,3,2,0,50
236,14000US08005005632,8005005632,0.065275708,119033,0.274879763,3355,0.476005961,0.523994039,0.272290048,0.15433572,2.67,4,9,6,-33.33,50
237,14000US08005081500,8005081500,0.065748709,36471,0.120481928,2905,0.328055077,0.671944923,0.762822719,0.225187266,1.36,5,6,5,0,20
238,14000US08019014800,8019014800,0.109778044,57266,0.291428571,1667,0.444511098,0.555488902,0.312142857,0.378410439,1.98,0,0,0,0,0
239,14000US08019014700,8019014700,0.043019163,82978,0.26560036,5114,0.50586625,0.49413375,0.29353458,0.139975298,2.09,0,0,0,0,0
240,14000US08019014900,8019014900,0.036951501,58357,0.243383948,2598,0.572748268,0.427251732,0.279392625,0.316520468,1.83,0,0,0,0,0
241,14000US08005084800,8005084800,0.183094472,91667,0.265496639,3419,0.519450132,0.480549868,0.229275579,0.147651007,2.87,0,0,0,0,0
242,14000US08005085800,8005085800,0.20466174,82589,0.238300936,1759,0.512791359,0.487208641,0.216702664,0.166402536,2.79,1,2,1,0,100
243,14000US08123002103,8123002103,0.054205607,99122,0.211565585,10165,0.520708313,0.479291687,0.277856135,0.057471264,2.92,0,0,0,0,0
244,14000US08005006856,8005006856,0.309922822,77075,0.323764179,9070,0.560749724,0.439250276,0.182327405,0.637961336,2.27,24,15,19,26.32,-21.05
245,14000US08005086300,8005086300,0.327350427,86293,0.230417227,4680,0.542521368,0.457478632,0.183310902,0.552854123,2.46,1,1,1,0,0
246,14000US08005085200,8005085200,0.15704698,143125,0.298352125,2980,0.487583893,0.512416107,0.22896791,0.043478261,3.14,1,2,1,0,100
247,14000US08005085300,8005085300,0.188609467,104500,0.202142524,2704,0.471153846,0.528846154,0.234746157,0.338613861,2.68,1,2,1,0,100
248,14000US08005086600,8005086600,0.131796284,85487,0.193630324,5812,0.479181005,0.520818995,0.432981633,0.260728745,2.35,0,1,0,0,0
249,14000US08005083600,8005083600,0.294624217,59386,0.209017713,3832,0.444154489,0.555845511,0.191626409,0.495378928,2.36,22,29,24,-8.33,20.83
250,14000US08005083100,8005083100,0.454666273,91386,0.179053412,6772,0.4251329,0.5748671,0.174871697,0.220338983,2.67,4,5,4,0,25
251,14000US08005086000,8005086000,0.271856287,99764,0.207430856,8350,0.480359281,0.519640719,0.149950017,0.243962341,3.42,1,1,1,0,0
252,14000US08005085000,8005085000,0.277013752,93194,0.213135068,2036,0.487721022,0.512278978,0.210037175,0.439897698,2.6,9,8,7,28.57,14.29
253,14000US08005087000,8005087000,0.47458263,53073,0.249464923,5331,0.475895704,0.524104296,0.131034483,0.798954373,2.53,7,7,7,0,0
254,14000US08005085500,8005085500,0.150875939,115302,0.260608856,5594,0.514658563,0.485341437,0.243081181,0.088186356,3.1,5,6,5,0,20
255,14000US08005085600,8005085600,0.213274336,133333,0.25980198,3390,0.503834808,0.496165192,0.230891089,0.027,3.39,2,2,2,0,0
256,14000US08005085100,8005085100,0.314680233,160964,0.248945995,6880,0.486046512,0.513953488,0.225657498,0.077772203,3.45,5,6,5,0,20
257,14000US08005086100,8005086100,0.269070446,98641,0.218450827,4798,0.509795748,0.490204252,0.225123296,0.107348243,3.07,2,3,2,0,50
258,14000US08005083700,8005083700,0.311801846,88500,0.194656489,4118,0.491986401,0.508013599,0.370522607,0.185517241,2.75,4,5,4,0,25
259,14000US08005086700,8005086700,0.212554629,156972,0.240757172,5034,0.496424315,0.503575685,0.174800355,0.010351967,3.47,0,0,0,0,0
260,14000US08005085900,8005085900,0.340997589,110366,0.221539284,5393,0.487112924,0.512887076,0.239711384,0.071172249,3.23,3,3,3,0,0
261,14000US08005083200,8005083200,0.26845924,117442,0.195496729,9372,0.489863423,0.510136577,0.190171915,0.104211278,3.34,0,0,0,0,0
262,14000US08005083000,8005083000,0.452102182,102563,0.23906409,3758,0.477381586,0.522618414,0.24754154,0.058679707,3.06,0,0,0,0,0
263,14000US08005007301,8005007301,0.534686971,47015,0.235010707,2364,0.511844332,0.488155668,0.291755889,0.759302326,2.74,19,22,19,0,15.79
264,14000US08005087100,8005087100,0.422263451,40912,0.312328767,2695,0.421521336,0.578478664,0.257990868,0.689681335,2.04,12,13,12,0,8.33
265,14000US08005086900,8005086900,0.551103565,53776,0.365973072,2945,0.509337861,0.490662139,0.133006936,0.78611898,2.09,8,9,8,0,12.5
266,14000US08005087300,8005087300,0.531956023,58000,0.232961173,8277,0.479159116,0.520840884,0.206798867,0.810025543,2.61,10,11,10,0,10
267,14000US08005082900,8005082900,0.438206954,76591,0.257374831,4774,0.46418098,0.53581902,0.260081191,0.16971917,2.91,2,4,3,-33.33,33.33
268,14000US08005081700,8005081700,0.209983361,142679,0.320102433,3005,0.481530782,0.518469218,0.239863423,0.099190283,3.04,8,9,8,0,12.5
269,14000US08059009851,8059009851,0.089691764,112727,0.192209451,3958,0.460586155,0.539413845,0.320242656,0.055027174,2.65,6,9,7,-14.29,28.57
270,14000US08059015900,8059015900,0.180296896,65575,0.258383903,3705,0.517678812,0.482321188,0.310763334,0.654205607,2.42,6,9,7,-14.29,28.57
271,14000US08059011732,8059011732,0.095015259,59737,0.263579049,4915,0.495218718,0.504781282,0.096750727,0.821793863,1.93,0,3,2,-100,50
272,14000US08059011733,8059011733,0.149403641,62632,0.186363636,1593,0.483992467,0.516007533,0.247727273,0.503759398,2,7,11,9,-22.22,22.22
273,14000US08059011806,8059011806,0.10725429,43631,0.216619318,5128,0.478354134,0.521645866,0.342566288,0.393412626,2.33,16,18,16,0,12.5
274,14000US08059011805,8059011805,0.154301573,61176,0.238253638,5405,0.542645698,0.457354302,0.132224532,0.831861533,1.91,22,25,23,-4.35,8.7
275,14000US08059012060,8059012060,0.064652568,80063,0.239212718,3310,0.509969789,0.490030211,0.210825132,0.155667145,2.37,0,0,0,0,0
276,14000US08059011401,8059011401,0.113933795,40132,0.226315789,2598,0.496535797,0.503464203,0.262200957,0.612903226,2.15,7,9,8,-12.5,12.5
277,14000US08059015800,8059015800,0.145472062,65000,0.214624616,4152,0.504816956,0.495183044,0.277421155,0.577422577,2.04,12,17,13,-7.69,30.77
278,14000US08031015700,8031015700,0.244990739,46959,0.270356234,5939,0.485435258,0.514564742,0.309160305,0.576131687,2.5,13,16,13,0,23.08
279,14000US08031001901,8031001901,0.28961039,26607,0.277520034,3080,0.506493506,0.493506494,0.41332771,0.774501301,2.47,20,26,22,-9.09,18.18
280,14000US08031004504,8031004504,0.206370876,43750,0.181726908,4395,0.412059158,0.587940842,0.328313253,0.554266777,3.64,7,8,8,-12.5,0
281,14000US08031004505,8031004505,0.121038035,33684,0.124098124,5048,0.511291601,0.488708399,0.379220779,0.709077381,3.74,8,9,8,0,12.5
282,14000US08031004506,8031004506,0.249285157,30795,0.176181474,3847,0.50740837,0.49259163,0.4268431,0.657546337,3.39,8,10,8,0,25
283,14000US08031008312,8031008312,0.399267399,58550,0.271034253,8463,0.496750561,0.503249439,0.265879614,0.450365277,3.63,27,32,27,0,18.52
284,14000US08031008387,8031008387,0.390758547,74922,0.257148162,7488,0.499465812,0.500534188,0.307092462,0.173042966,4.41,22,25,22,0,13.64
285,14000US08031004503,8031004503,0.07032915,38641,0.130341113,4223,0.503433578,0.496566422,0.365170557,0.657421289,3.17,10,10,10,0,0
286,14000US08031004306,8031004306,0.129804069,106599,0.244254916,5308,0.441785983,0.558214017,0.289741767,0.389995573,2.29,16,18,16,0,12.5
287,14000US08031008386,8031008386,0.420656267,70536,0.249571813,5577,0.475345168,0.524654832,0.289699046,0.390551181,4.39,20,23,20,0,15
288,14000US08031008389,8031008389,0.513068286,83313,0.249010849,10866,0.482882385,0.517117615,0.207530313,0.144474233,3.24,47,50,46,2.17,8.7
289,14000US08031008391,8031008391,0.429950319,73906,0.232274815,7045,0.508019872,0.491980128,0.205112842,0.193097422,3.08,16,17,15,6.67,13.33
290,14000US08031008390,8031008390,0.488159918,63640,0.273094106,9755,0.475140953,0.524859047,0.239804006,0.294785385,3.46,21,21,22,-4.55,-4.55
291,14000US08031015600,8031015600,0.213866967,44816,0.183712121,8870,0.55535513,0.44464487,0.390782828,0.607395098,3.68,31,40,34,-8.82,17.65
292,14000US08035014107,8035014107,0.083143219,118574,0.26161846,3945,0.492268695,0.507731305,0.26519337,0.049416609,2.71,2,4,3,-33.33,33.33
293,14000US08035013904,8035013904,0.058999082,64970,0.20797227,4356,0.503443526,0.496556474,0.243212016,0.506508206,2.45,0,2,1,-100,100
294,14000US08035014503,8035014503,0.05530535,89250,0.293228139,5551,0.551071879,0.448928121,0.230769231,0.285057471,2.54,0,0,0,0,0
295,14000US08035014300,8035014300,0.04853129,60000,0.247566064,783,0.558109834,0.441890166,0.383866481,0.09947644,2.05,0,0,0,0,0
296,14000US08035014001,8035014001,0.09954998,82652,0.239915074,7333,0.524205646,0.475794354,0.130927105,0.215139442,2.43,0,0,0,0,0
297,14000US08035013908,8035013908,0.042180026,130162,0.240160223,6899,0.504710828,0.495289172,0.246081505,0.074480596,2.7,0,0,0,0,0
298,14000US08035014108,8035014108,0.035196687,106779,0.234296316,4830,0.479710145,0.520289855,0.223164591,0.067740144,2.68,2,4,3,-33.33,33.33
299,14000US08035014122,8035014122,0.079451672,165871,0.232825845,7149,0.477968947,0.522031053,0.295766803,0.142107388,2.89,0,0,0,0,0
300,14000US08035013909,8035013909,0.029362696,99974,0.288182594,5994,0.501001001,0.498998999,0.28306314,0.059550066,2.64,0,0,0,0,0
301,14000US08035014115,8035014115,0.125196673,119904,0.236639118,4449,0.481906046,0.518093954,0.305785124,0.226881103,2.56,0,1,0,0,0
302,14000US08035014116,8035014116,0.348975972,93623,0.255332367,6201,0.543299468,0.456700532,0.18637399,0.687822293,2.46,16,26,20,-20,30
303,14000US08035014123,8035014123,0.130720909,90568,0.275925247,3343,0.522883637,0.477116363,0.274825944,0.485952923,2.24,0,0,0,0,0
304,14000US08035013905,8035013905,0.059424768,95577,0.301768055,4207,0.436415498,0.563584502,0.23164519,0.46746988,2.53,0,1,1,-100,0
305,14000US08013012102,8013012102,0.084606189,73396,0.330536647,7529,0.517731438,0.482268562,0.220674371,0.428054001,2.42,17,23,19,-10.53,21.05
306,14000US08013012104,8013012104,0.163165791,121146,0.276708373,2666,0.468117029,0.531882971,0.356111646,0.186200378,2.51,13,16,14,-7.14,14.29
307,14000US08013012101,8013012101,0.086701571,114271,0.310907238,4775,0.49382199,0.50617801,0.24617737,0.215971873,2.39,12,15,13,-7.69,15.38
308,14000US08013012105,8013012105,0.07960644,84435,0.374890447,5590,0.505008945,0.494991055,0.23006135,0.266502665,2.29,22,28,24,-8.33,16.67
309,14000US08013012202,8013012202,0.167913296,38194,0.543179984,6551,0.472599603,0.527400397,0.134301856,0.806074027,2.02,19,27,22,-13.64,22.73
310,14000US08013012203,8013012203,0.149959688,59618,0.22789013,7442,0.538833647,0.461166353,0.245246001,0.546850998,1.9,38,57,45,-15.56,26.67
311,14000US08013012204,8013012204,0.06505848,42348,0.480715906,4104,0.593323587,0.406676413,0.228384169,0.781333333,2.1,54,67,57,-5.26,17.54
312,14000US08013012300,8013012300,0.226128472,40464,0.638023152,6912,0.555700231,0.444299769,0.278420896,0.979010495,2.25,14,21,16,-12.5,31.25
313,14000US08013012501,8013012501,0.122472339,81205,0.368244659,2621,0.536054941,0.463945059,0.177628823,0.480785653,2.24,6,9,7,-14.29,28.57
314,14000US08013012505,8013012505,0.120807,108750,0.33791691,4114,0.517501215,0.482498785,0.26535986,0.313414634,2.51,14,18,15,-6.67,20
315,14000US08013012507,8013012507,0.114343254,62163,0.446630595,4469,0.603490714,0.396509286,0.18593212,0.552524666,2.59,26,39,30,-13.33,30
316,14000US08031004602,8031004602,0.280999724,44555,0.115433558,7242,0.529826015,0.470173985,0.338483912,0.501497647,3.04,12,16,13,-7.69,23.08
317,14000US08031004603,8031004603,0.207445008,56176,0.192490387,5910,0.491878173,0.508121827,0.282741461,0.320245979,2.79,18,23,19,-5.26,21.05
318,14000US08031004700,8031004700,0.131968758,62482,0.218129289,7426,0.507810396,0.492189604,0.225352113,0.373759171,3.19,18,21,19,-5.26,10.53
319,14000US08039961206,8039961206,0.038420774,100677,0.222544283,3774,0.484896661,0.515103339,0.245410628,0.050037341,2.82,0,0,0,0,0
320,14000US08047013800,8047013800,0.06043214,75120,0.204935834,5924,0.534942606,0.465057394,0.233761106,0.190727478,2.19,0,0,0,0,0
321,14000US08001008535,8001008535,0.114495513,83088,0.218230977,3677,0.517541474,0.482458526,0.163383546,0.237762238,3.21,5,4,4,25,0
322,14000US08001008540,8001008540,0.146535639,109549,0.220700416,8039,0.49670357,0.50329643,0.175970874,0.039516129,3.24,0,0,0,0,0
323,14000US08001008541,8001008541,0.061259707,128295,0.164324101,5795,0.475064711,0.524935289,0.348284415,0.046523017,2.84,0,0,0,0,0
324,14000US08001008551,8001008551,0.183344093,134167,0.243613139,1549,0.480955455,0.519044545,0.227189781,0.057692308,3.72,1,0,0,0,0
325,14000US08001060000,8001060000,0.084062728,116754,0.226348808,5484,0.522064187,0.477935813,0.179171895,0.284210526,2.89,0,0,0,0,0
326,14000US08001007801,8001007801,0.601885424,32744,0.289110958,4137,0.512206913,0.487793087,0.337698139,0.91640625,3.18,9,10,9,0,11.11
327,14000US08001008539,8001008539,0.182099344,91351,0.23380035,10670,0.523055295,0.476944705,0.154261529,0.140275953,3.51,4,5,4,0,25
328,14000US08001009326,8001009326,0.159500184,77969,0.234578627,2721,0.45938993,0.54061007,0.315812337,0.246527778,2.36,1,2,2,-50,0
329,14000US08123001902,8123001902,0.095459837,70865,0.28042328,7731,0.542749968,0.457250032,0.27479092,0.147149461,2.98,0,0,0,0,0
331,14000US08014030700,8014030700,0.082344968,93203,0.230182281,2951,0.487292443,0.512707557,0.262399322,0.310233683,2.38,0,0,0,0,0
332,14000US08014030400,8014030400,0.056756053,135563,0.260402685,3841,0.486071336,0.513928664,0.262751678,0.087435709,2.82,0,0,0,0,0
333,14000US08031003202,8031003202,0.088855422,58125,0.225806452,3320,0.481024096,0.518975904,0.188224241,0.696693819,1.53,6,7,6,0,16.67
334,14000US08031003203,8031003203,0.048747461,177813,0.303342963,2954,0.502369668,0.497630332,0.238134544,0.236111111,2.28,9,14,10,-10,40
335,14000US08031003300,8031003300,0.120720189,135875,0.267465753,3388,0.505608028,0.494391972,0.147945205,0.349011588,2.31,8,8,7,14.29,14.29
336,14000US08031003401,8031003401,0.060100814,98144,0.285653105,2579,0.430787127,0.569212873,0.30620985,0.264468864,1.89,6,7,5,20,40
337,14000US08014030100,8014030100,0.137254902,64318,0.202883075,2346,0.484228474,0.515771526,0.285638014,0.404139434,2.56,0,1,1,-100,0
338,14000US08014030000,8014030000,0.122204473,65959,0.285160381,3756,0.513844515,0.486155485,0.232992598,0.477133106,2.56,0,1,1,-100,0
339,14000US08014030300,8014030300,0.109739737,62897,0.259756878,3727,0.478669171,0.521330829,0.267754319,0.593656493,2.14,2,5,3,-33.33,66.67
341,14000US08005007702,8005007702,0.457591378,57202,0.229473039,4268,0.542877226,0.457122774,0.253982843,0.376329787,2.84,14,16,13,7.69,23.08
342,14000US08005007704,8005007704,0.662959968,47152,0.288558535,4946,0.471896482,0.528103518,0.242367932,0.652057723,2.64,6,7,6,0,16.67
343,14000US08031004601,8031004601,0.140870507,49848,0.1475719,5537,0.475889471,0.524110529,0.394860915,0.310928681,2.84,9,10,9,0,11.11
344,14000US08031003402,8031003402,0.040008512,154073,0.262076328,4699,0.511811024,0.488188976,0.248198559,0.180976864,2.41,13,14,11,18.18,27.27
345,14000US08031003602,8031003602,0.426686851,46679,0.219270981,4624,0.497404844,0.502595156,0.292455496,0.483205657,2.72,22,25,22,0,13.64
346,14000US08013013302,8013013302,0.051854729,70459,0.311394672,5149,0.498349194,0.501650806,0.247817327,0.411839864,2.19,9,13,11,-18.18,18.18
347,14000US08013013305,8013013305,0.104178377,67438,0.295046662,5337,0.521828743,0.478171257,0.229002154,0.318862275,2.66,2,3,2,0,50
348,14000US08013013307,8013013307,0.153450051,58504,0.279348494,3884,0.454943357,0.545056643,0.354947757,0.455743879,2.38,3,4,3,0,33.33
349,14000US08013013308,8013013308,0.060510467,44470,0.225401256,3487,0.449096645,0.550903355,0.377878576,0.417253521,1.97,2,4,2,0,100
350,14000US08013013401,8013013401,0.156276932,40457,0.321167883,3481,0.516518242,0.483481758,0.247406838,0.684745763,2.33,9,11,9,0,22.22
351,14000US08013013208,8013013208,0.07411668,72383,0.254796163,6085,0.455546426,0.544453574,0.386091127,0.338521401,2.34,1,1,1,0,0
352,14000US08013013210,8013013210,0.143904321,63781,0.195186522,5184,0.540895062,0.459104938,0.325391095,0.342032204,2.87,12,18,14,-14.29,28.57
353,14000US08013013211,8013013211,0.056603774,118603,0.260255845,6148,0.458035133,0.541964867,0.191442435,0.237150586,2.77,7,11,9,-22.22,22.22
354,14000US08013013402,8013013402,0.155468657,70420,0.274635751,8439,0.432634198,0.567365802,0.244555851,0.367945824,2.72,2,3,2,0,50
355,14000US08013013701,8013013701,0.101523657,105313,0.295685984,6235,0.570328789,0.429671211,0.344565821,0.178895613,2.28,6,6,6,0,0
356,14000US08013012103,8013012103,0.100232498,92862,0.271380056,3871,0.470162749,0.529837251,0.300401358,0.288260602,2.36,5,7,6,-16.67,16.67
357,14000US08013013702,8013013702,0.048341858,91648,0.36353189,6061,0.509651873,0.490348127,0.203600843,0.263234228,2.19,7,7,6,16.67,16.67
358,14000US08013012710,8013012710,0.103906899,118309,0.306274256,3609,0.502909393,0.497090607,0.318240621,0.166125892,2.34,27,33,27,0,22.22
359,14000US08013012707,8013012707,0.125698324,93438,0.372262774,2506,0.59896249,0.40103751,0.318734793,0.072213501,2.87,14,22,17,-17.65,29.41
360,14000US08013012605,8013012605,0.237151703,37708,0.504957039,1615,0.630959752,0.369040248,0.206873761,0.792479109,2.21,8,11,9,-11.11,22.22
361,14000US08013012201,8013012201,0.082202505,60357,0.490893808,3832,0.536012526,0.463987474,0.197254133,0.62195122,2.23,2,3,2,0,50
362,14000US08013013201,8013013201,0.044091711,94444,0.305167598,1701,0.461493239,0.538506761,0.295391061,0.122186495,2.66,1,2,1,0,100
363,14000US08013013601,8013013601,0.078780178,96821,0.242204724,3935,0.495806861,0.504193139,0.327559055,0.214511041,2.48,0,1,0,0,0
364,14000US08013012800,8013012800,0.074924668,134028,0.246972837,12279,0.509894943,0.490105057,0.222755536,0.080207305,3.03,9,11,9,0,22.22
365,14000US08013060700,8013060700,0.089664167,105896,0.274595022,3067,0.491033583,0.508966417,0.282892137,0.241835148,2.38,0,0,0,0,0
366,14000US08013013602,8013013602,0.02182285,87955,0.285714286,779,0.512195122,0.487804878,0.344877345,0.166666667,1.97,0,0,0,0,0
367,14000US08013013306,8013013306,0.147990256,54011,0.325923942,4926,0.500609013,0.499390987,0.253883235,0.492424242,2.76,4,7,5,-20,40
368,14000US08014031200,8014031200,0.125620207,72455,0.277675519,4434,0.50067659,0.49932341,0.196949776,0.583974649,2.01,5,7,6,-16.67,16.67
369,14000US08031004801,8031004801,0.241140882,71875,0.260052612,3471,0.518870642,0.481129358,0.341225103,0.118222222,3.09,8,11,9,-11.11,22.22
370,14000US08031001902,8031001902,0.08801956,125625,0.470660147,818,0.490220049,0.509779951,0.449877751,0.2,1.75,61,65,59,3.39,10.17
371,14000US08031005001,8031005001,0.217702448,68694,0.2837189,2655,0.464783427,0.535216573,0.322130074,0.263926941,2.28,16,19,16,0,18.75
372,14000US08035014133,8035014133,0.062923829,136176,0.304489796,6341,0.509383378,0.490616622,0.211428571,0.116791745,2.97,2,5,3,-33.33,66.67
373,14000US08123002008,8123002008,0.097476225,120156,0.225146946,5468,0.486100951,0.513899049,0.240224891,0.163627153,2.75,0,0,0,0,0
374,14000US08123002016,8123002016,0.123380629,67422,0.18595679,3242,0.486736582,0.513263418,0.283950617,0.21334504,2.85,0,0,0,0,0
375,14000US08123002020,8123002020,0.093788492,110607,0.229946524,5683,0.49480908,0.50519092,0.18105424,0.077473182,3.39,0,0,0,0,0
376,14000US08123002021,8123002021,0.097101449,90000,0.197802198,690,0.557971014,0.442028986,0.399267399,0.093023256,2.67,0,0,0,0,0
377,14000US08123001905,8123001905,0.116384647,63504,0.250215208,4846,0.547255468,0.452744532,0.269727403,0.258042437,3.32,0,0,0,0,0
378,14000US08123002011,8123002011,0.101449275,113661,0.172991071,1380,0.551449275,0.448550725,0.237723214,0.042959427,3.29,0,0,0,0,0
379,14000US08123002015,8123002015,0.12900641,96250,0.200442968,1248,0.524839744,0.475160256,0.160575858,0.107317073,3.04,0,0,0,0,0
380,14000US08123002017,8123002017,0,145938,0.202839757,626,0.517571885,0.482428115,0.269776876,0.036866359,2.88,0,0,0,0,0
381,14000US08123001908,8123001908,0.147284123,59643,0.197113216,2872,0.490598886,0.509401114,0.314388814,0.335892514,2.75,0,0,0,0,0
382,14000US08123002012,8123002012,0.180480248,120083,0.235839341,1291,0.527498064,0.472501936,0.192584964,0.014634146,3.15,0,0,0,0,0
383,14000US08001008533,8001008533,0.176887369,73633,0.180269349,8186,0.500855118,0.499144882,0.206230732,0.52857626,2.74,4,4,3,33.33,33.33
384,14000US08001008534,8001008534,0.089363385,95572,0.295647413,5058,0.49881376,0.50118624,0.167259786,0.085735403,3.74,1,2,2,-50,0
385,14000US08001008603,8001008603,0.090045023,37688,0.202720207,1999,0.449224612,0.550775388,0.375,0.632467532,2.6,0,0,0,0,0
386,14000US08001008604,8001008604,0.147435897,66719,0.285306391,5304,0.595776772,0.404223228,0.33077092,0.302447552,3.35,1,1,1,0,0
387,14000US08001008605,8001008605,0.052694325,66474,0.193768546,4194,0.547448736,0.452551264,0.341543027,0.442520776,2.9,1,1,1,0,0
388,14000US08001008606,8001008606,0.193988224,53246,0.237637638,6454,0.503408739,0.496591261,0.323123123,0.588785047,2.62,6,3,3,100,0
389,14000US08031008388,8031008388,0.483976043,62875,0.218759019,9517,0.474204056,0.525795944,0.207647908,0.449514563,3.08,32,36,32,0,12.5
390,14000US08001008523,8001008523,0.076932295,100328,0.244161986,8345,0.544397843,0.455602157,0.225835058,0.175174825,2.92,7,5,4,75,25
391,14000US08001009309,8001009309,0.198546002,50792,0.207677785,3989,0.469791928,0.530208072,0.286658276,0.45,2.46,2,3,2,0,50
392,14000US08001008537,8001008537,0.13957907,90398,0.203154181,6842,0.498392283,0.501607717,0.260012451,0.116959064,3.64,2,1,1,100,0
393,14000US08001008705,8001008705,0.130521002,46139,0.347255949,5547,0.498107085,0.501892915,0.324186498,0.416953825,3.76,13,19,18,-27.78,5.56
394,14000US08001008901,8001008901,0.180930931,49079,0.295107838,2664,0.524024024,0.475975976,0.409784324,0.330136986,3.55,16,11,10,60,10
395,14000US08001009321,8001009321,0.210348414,48772,0.294850771,3846,0.453458138,0.546541862,0.214496556,0.468701095,3.01,3,4,3,0,33.33
396,14000US08001007900,8001007900,0.501759324,41738,0.266361886,5684,0.52234342,0.47765658,0.227622714,0.653886555,2.98,24,27,23,4.35,17.39
397,14000US08001008401,8001008401,0.114012739,70871,0.223573939,4710,0.505944798,0.494055202,0.307380373,0.223436551,2.86,0,0,0,0,0
398,14000US08001008802,8001008802,0.217408124,47069,0.265143172,5170,0.553384913,0.446615087,0.339482379,0.300341297,4.16,9,15,14,-35.71,7.14
399,14000US08001008353,8001008353,0.390792968,68697,0.275832911,7907,0.500442646,0.499557354,0.183663115,0.211792087,3.07,14,17,15,-6.67,13.33
400,14000US08001009103,8001009103,0.081068416,49044,0.222840314,4268,0.470946579,0.529053421,0.345549738,0.200537153,3.82,1,2,2,-50,0
401,14000US08001009408,8001009408,0.110512129,102500,0.265798226,4823,0.468380676,0.531619324,0.207317073,0.244656918,2.71,6,10,7,-14.29,42.86
402,14000US08001009606,8001009606,0.159497526,44924,0.297374702,2627,0.486486486,0.513513514,0.226252983,0.600185529,2.44,13,15,12,8.33,25
404,14000US08001008706,8001008706,0.242159383,52805,0.251949318,5835,0.481062554,0.518937446,0.356968811,0.425062972,3.62,9,16,15,-40,6.67
405,14000US08001008801,8001008801,0.190557452,44222,0.277382646,5274,0.489002655,0.510997345,0.349075391,0.423459245,3.47,9,15,14,-35.71,7.14
406,14000US08001009001,8001009001,0.23109151,48993,0.293676003,4535,0.512679162,0.487320838,0.274906151,0.330399458,3.05,13,16,14,-7.14,14.29
407,14000US08001009002,8001009002,0.224821376,54667,0.268460914,10217,0.50827053,0.49172947,0.210305653,0.409426987,3.15,7,5,5,40,0
408,14000US08001009101,8001009101,0.090432228,64479,0.263532764,4766,0.476080571,0.523919429,0.268376068,0.156764495,3.41,4,4,4,0,0
409,14000US08001009104,8001009104,0.137613141,63750,0.271166229,5966,0.49715052,0.50284948,0.22394467,0.290493893,3.17,4,3,2,100,50
410,14000US08001009202,8001009202,0.114278982,59250,0.226161369,4244,0.479500471,0.520499529,0.297677262,0.325448029,3.04,8,12,12,-33.33,0
411,14000US08001009203,8001009203,0.153074866,41761,0.22723201,4488,0.584893048,0.415106952,0.221857271,0.959325973,2.55,21,30,27,-22.22,11.11
412,14000US08001009204,8001009204,0.302208034,71204,0.221374046,7518,0.504921522,0.495078478,0.210964608,0.428951368,2.86,2,3,3,-33.33,0
413,14000US08001009304,8001009304,0.131200821,55152,0.218380549,5846,0.483407458,0.516592542,0.256747714,0.427509294,2.71,7,12,11,-36.36,9.09
414,14000US08001009306,8001009306,0.083122718,60455,0.186244467,3561,0.525975849,0.474024151,0.27340824,0.21187801,2.85,4,6,5,-20,20
415,14000US08093000200,8093000200,0.093218186,73933,0.219309068,3937,0.529083058,0.470916942,0.310302283,0.202434337,2.51,0,0,0,0,0
416,14000US08001009307,8001009307,0.15035497,60264,0.227977565,3944,0.492393509,0.507606491,0.309468822,0.464019851,3.26,7,8,7,0,14.29
417,14000US08001009308,8001009308,0.147416413,61488,0.242357477,4606,0.528224056,0.471775944,0.286422473,0.336023478,3.38,2,3,2,0,50
418,14000US08093000100,8093000100,0.055965362,70270,0.208191126,6236,0.495670301,0.504329699,0.336746303,0.121153097,2.43,0,0,0,0,0
419,14000US08001009310,8001009310,0.148619958,54187,0.252371039,5652,0.530077849,0.469922151,0.292389544,0.480999479,2.94,3,4,3,0,33.33
420,14000US08001009316,8001009316,0.041283775,46432,0.30435575,7291,0.447949527,0.552050473,0.294332058,0.233695652,3.3,9,11,10,-10,10
421,14000US08001009318,8001009318,0.106370009,37952,0.32800691,6562,0.485065529,0.514934471,0.218959188,0.566297118,2.9,7,9,8,-12.5,12.5
422,14000US08001009319,8001009319,0.096951891,38433,0.261677282,2723,0.524054352,0.475945648,0.309447983,0.510520487,3.02,6,7,6,0,16.67
423,14000US08035014005,8035014005,0.082877248,97625,0.212426532,5116,0.498631744,0.501368256,0.246851385,0.219553073,2.86,0,1,0,0,0
424,14000US08059011728,8059011728,0.17344456,83981,0.202114165,2877,0.494612444,0.505387556,0.353488372,0.105403012,2.55,1,2,2,-50,0
425,14000US08059011729,8059011729,0.137326349,58902,0.223474437,4391,0.477340014,0.522659986,0.230071468,0.53458498,2.17,4,5,4,0,25
426,14000US08059011730,8059011730,0.179644049,53260,0.265353805,3596,0.502502781,0.497497219,0.201935915,0.502752294,2.2,0,1,0,0,0
427,14000US08059011731,8059011731,0.122878479,72566,0.219732167,4419,0.46548993,0.53451007,0.200601257,0.55358001,2.12,0,3,1,-100,200
428,14000US08123002502,8123002502,0.076653526,72463,0.178931356,6849,0.524018105,0.475981895,0.337326488,0.246265472,2.91,0,0,0,0,0
429,14000US08123001800,8123001800,0.064981949,64023,0.22985244,4432,0.503158845,0.496841155,0.305902384,0.225625,2.77,0,0,0,0,0
430,14000US08031000201,8031000201,0.094025974,55541,0.188278166,3850,0.520779221,0.479220779,0.350136654,0.339925834,2.31,12,13,12,0,8.33
431,14000US08031003003,8031003003,0.137910268,57981,0.454987047,3321,0.520325203,0.479674797,0.22376943,0.494063927,2.01,16,19,16,0,18.75
432,14000US08031004201,8031004201,0.134331462,107662,0.261425462,4809,0.478893741,0.521106259,0.225244831,0.206791688,2.43,26,30,26,0,15.38
433,14000US08031000402,8031000402,0.106296938,87667,0.240183793,5193,0.487386867,0.512613133,0.15037594,0.567359249,1.72,20,24,21,-4.76,14.29
434,14000US08031007006,8031007006,0.434339623,42133,0.264137931,5300,0.532264151,0.467735849,0.18045977,1,2.14,7,8,7,0,14.29
435,14000US08031012010,8031012010,0.175312382,70273,0.250223015,5282,0.467815222,0.532184778,0.267172168,0.350572444,2.09,12,13,12,0,8.33
436,14000US08031000303,8031000303,0.052015312,92133,0.253968254,4441,0.480747579,0.519252421,0.255820106,0.335185185,2.01,12,14,12,0,16.67
437,14000US08031002703,8031002703,0.172743225,46076,0.288135593,5129,0.530512771,0.469487229,0.114608555,0.821469907,1.47,14,16,14,0,14.29
438,14000US08059011803,8059011803,0.102774158,61653,0.209082931,5371,0.50698194,0.49301806,0.28411584,0.315217391,2.65,14,15,14,0,7.14
439,14000US08059011804,8059011804,0.12007291,69792,0.209767814,4389,0.437912964,0.562087036,0.377101681,0.190647482,2.63,12,13,12,0,8.33
440,14000US08059011951,8059011951,0.100031066,71782,0.192633517,3219,0.489282386,0.510717614,0.303867403,0.207697894,2.34,7,8,7,0,14.29
441,14000US08031003902,8031003902,0.079521163,116310,0.220592306,4678,0.54232578,0.45767422,0.246609466,0.212418301,2.49,9,11,9,0,22.22
442,14000US08031004002,8031004002,0.091225022,110571,0.187726943,3453,0.479872575,0.520127425,0.34422658,0.137853949,2.56,4,5,4,0,25
443,14000US08031004003,8031004003,0.166744294,78784,0.217861976,4294,0.490917559,0.509082441,0.258998647,0.297862002,2.09,8,15,11,-27.27,36.36
444,14000US08031004004,8031004004,0.112862227,77731,0.213429257,1967,0.466192171,0.533807829,0.302757794,0.150943396,2.18,12,18,15,-20,20
445,14000US08059012023,8059012023,0.138809388,89650,0.257720588,3494,0.467086434,0.532913566,0.263602941,0.096824167,2.71,0,1,0,0,0
446,14000US08059012024,8059012024,0.06679353,111944,0.24661913,5255,0.503901047,0.496098953,0.25670027,0.14476386,2.7,0,1,0,0,0
447,14000US08031004202,8031004202,0.200127065,122500,0.338965952,4722,0.48369335,0.51630665,0.250945776,0.168870192,2.52,27,31,27,0,14.81
448,14000US08031004301,8031004301,0.188909202,46871,0.268943678,4923,0.488523258,0.511476742,0.176656865,0.669134971,1.64,22,23,22,0,4.55
449,14000US08031004302,8031004302,0.06866614,89872,0.228229665,2534,0.460931334,0.539068666,0.181339713,0.25877551,2.04,10,13,11,-9.09,18.18
450,14000US08031004005,8031004005,0.197878788,57555,0.366796621,3300,0.504242424,0.495757576,0.220597791,0.715517241,2,8,9,8,0,12.5
451,14000US08031004006,8031004006,0.172695688,80298,0.301346389,4893,0.483956673,0.516043327,0.317258262,0.465542169,2.26,8,9,8,0,12.5
452,14000US08031004101,8031004101,0.501663202,37294,0.32669214,4810,0.441787942,0.558212058,0.309224891,0.685027541,2.3,37,36,33,12.12,9.09
453,14000US08031004303,8031004303,0.093911757,209000,0.195097038,4057,0.432832142,0.567167858,0.336738168,0.079710145,2.67,13,15,13,0,15.38
454,14000US08059012038,8059012038,0.095861148,88194,0.254934761,3745,0.499599466,0.500400534,0.209100033,0.093610698,2.78,0,0,0,0,0
455,14000US08059012039,8059012039,0.06577961,91596,0.27666818,5336,0.507683658,0.492316342,0.171811167,0.176139273,2.73,0,0,0,0,0
456,14000US08059012041,8059012041,0.136512308,89094,0.28895966,5809,0.474608366,0.525391634,0.251592357,0.104400749,2.71,0,1,1,-100,0
457,14000US08059012043,8059012043,0.082344731,106577,0.260143198,5732,0.485519888,0.514480112,0.212410501,0.111992534,2.67,0,0,0,0,0
458,14000US08031000702,8031000702,0.213541667,32572,0.230314961,5568,0.479885057,0.520114943,0.286663386,0.755052936,2.63,31,38,33,-6.06,15.15
459,14000US08031000800,8031000800,0.480848153,9766,0.337209302,1462,0.501367989,0.498632011,0.502906977,0.886021505,3.11,41,47,42,-2.38,11.9
460,14000US08031000902,8031000902,0.158221797,56042,0.182002432,6276,0.533460803,0.466539197,0.320429672,0.364259357,3.31,12,15,13,-7.69,15.38
461,14000US08031000903,8031000903,0.087917042,43594,0.213254727,6654,0.496242861,0.503757139,0.355763367,0.49519474,3.37,18,23,20,-10,15
462,14000US08059012046,8059012046,0.129223744,78708,0.268111808,2190,0.447488584,0.552511416,0.261836851,0.076830732,2.63,1,1,1,0,0
463,14000US08059012047,8059012047,0.066907776,75946,0.302188552,4424,0.526220615,0.473779385,0.182379349,0.259779951,2.7,0,0,0,0,0
464,14000US08059012048,8059012048,0.043263288,80000,0.177134446,2427,0.451998352,0.548001648,0.438665358,0.314595661,2.39,0,0,0,0,0
465,14000US08059012049,8059012049,0.074074074,113333,0.233225806,3969,0.489292013,0.510707987,0.282580645,0.057803468,2.87,1,1,1,0,0
466,14000US08059012051,8059012051,0.064389698,107440,0.24343506,3572,0.50055991,0.49944009,0.345280341,0.072373541,2.75,0,1,0,0,0
467,14000US08059012053,8059012053,0.073770492,95486,0.195797517,3904,0.509733607,0.490266393,0.281439032,0.065539112,2.74,0,1,0,0,0
468,14000US08059012054,8059012054,0.096153846,105714,0.287417634,3900,0.452564103,0.547435897,0.250705993,0.151088348,2.5,6,11,8,-25,37.5
469,14000US08059012044,8059012044,0.169663985,102024,0.241622575,4226,0.543776621,0.456223379,0.164315109,0.372327044,2.66,3,5,3,0,66.67
470,14000US08059012055,8059012055,0.046867168,85966,0.258859784,3990,0.538095238,0.461904762,0.272419106,0.20126183,2.51,0,1,0,0,0
471,14000US08059012057,8059012057,0.101392663,79118,0.26750154,5888,0.480808424,0.519191576,0.20673373,0.174114022,2.26,0,0,0,0,0
472,14000US08059009900,8059009900,0.092976045,64671,0.406347787,2463,0.546488023,0.453511977,0.20786768,0.458870168,2.38,8,10,9,-11.11,11.11
473,14000US08059012026,8059012026,0.042874396,96938,0.274936525,3312,0.468900966,0.531099034,0.278926369,0.261802575,2.35,0,0,0,0,0
474,14000US08059012036,8059012036,0.048514097,145774,0.259683395,3937,0.450596901,0.549403099,0.261367464,0.054480287,2.82,0,0,0,0,0
475,14000US08031000905,8031000905,0.199622908,60242,0.20071048,4243,0.523214707,0.476785293,0.281527531,0.335191083,3.38,13,18,15,-13.33,20
476,14000US08031001000,8031001000,0.157017544,42917,0.159492103,4560,0.514473684,0.485526316,0.384639207,0.447647951,3.46,16,20,17,-5.88,17.65
477,14000US08031001101,8031001101,0.286199095,55568,0.226607539,2652,0.554675716,0.445324284,0.232372506,0.489593657,2.53,13,15,13,0,15.38
478,14000US08031001102,8031001102,0.176537327,87917,0.260626993,4407,0.539142274,0.460857726,0.138150903,0.623870661,2.08,15,17,16,-6.25,6.25
479,14000US08031003603,8031003603,0.442290749,64539,0.2387748,3405,0.51835536,0.48164464,0.237034459,0.293672627,2.34,15,20,17,-11.76,17.65
480,14000US08059011904,8059011904,0.115565032,55750,0.222541966,2345,0.398294243,0.601705757,0.306954436,0.378737542,1.92,13,16,13,0,23.08
482,14000US08005007400,8005007400,0.422686126,49107,0.231954791,5413,0.5043414,0.4956586,0.3025944,0.401972873,3.33,11,15,12,-8.33,25
483,14000US08005007600,8005007600,0.548267654,36056,0.284829721,3781,0.503570484,0.496429516,0.360853113,0.693993506,3.06,10,12,10,0,20
484,14000US08059009847,8059009847,0.013405681,116379,0.260973663,3133,0.47462496,0.52537504,0.303671189,0.110328638,2.45,0,0,0,0,0
485,14000US08059012034,8059012034,0.028206493,165139,0.265358636,3758,0.491750931,0.508249069,0.337729173,0.006333568,2.64,0,0,0,0,0
486,14000US08059009837,8059009837,0.07336594,142361,0.265518266,4498,0.5,0.5,0.229284229,0.091881687,2.82,0,1,0,0,0
487,14000US08059009828,8059009828,0.107305138,82750,0.246063405,5722,0.539321915,0.460678085,0.293512492,0.137836604,2.59,4,4,4,0,0
488,14000US08059012058,8059012058,0.083354511,114676,0.246041799,3935,0.517662008,0.482337992,0.245725142,0.143580013,2.48,0,0,0,0,0
489,14000US08059012027,8059012027,0.082056194,110556,0.242245199,3132,0.497445722,0.502554278,0.317946824,0.077759197,2.5,0,0,0,0,0
490,14000US08059010403,8059010403,0.094654788,52416,0.267423736,5388,0.527654046,0.472345954,0.244488978,0.700079239,2.13,13,15,14,-7.14,7.14
491,14000US08059012050,8059012050,0.16058029,85030,0.225971678,3998,0.482491246,0.517508754,0.264838807,0.433769187,2.27,8,7,8,0,-12.5
492,14000US08059010603,8059010603,0.143989071,63364,0.271090047,3660,0.480327869,0.519672131,0.238862559,0.500572738,2.04,17,20,18,-5.56,11.11
493,14000US08059012045,8059012045,0.078212291,97940,0.258246347,6086,0.508051265,0.491948735,0.228392484,0.103290676,2.78,2,3,3,-33.33,0
494,14000US08059012030,8059012030,0.047144593,91429,0.281510107,4115,0.547752126,0.452247874,0.244946492,0.22039072,2.51,0,0,0,0,0
495,14000US08059012035,8059012035,0.041795069,155231,0.279832347,5192,0.523882897,0.476117103,0.28969428,0.003908431,2.9,0,1,0,0,0
496,14000US08059009841,8059009841,0.036433776,97054,0.245804541,2333,0.483497643,0.516502357,0.292694965,0.142541436,2.58,1,1,0,0,0
497,14000US08059009815,8059009815,0.029263747,117813,0.299065421,5365,0.505312209,0.494687791,0.23364486,0.1128097,2.83,1,2,2,-50,0
498,14000US08059011702,8059011702,0.14302782,77278,0.161184211,5859,0.512544803,0.487455197,0.343653251,0.172608696,2.51,7,10,8,-12.5,25
499,14000US08005007201,8005007201,0.55596196,42067,0.234409978,4101,0.464277006,0.535722994,0.340262232,0.653029111,3.09,9,10,9,0,11.11
500,14000US08005007202,8005007202,0.421698576,37250,0.237846656,4074,0.513500245,0.486499755,0.296900489,0.645971914,3.01,6,7,6,0,16.67
501,14000US08031003201,8031003201,0.077492075,63438,0.310500565,5678,0.537689327,0.462310673,0.147911178,0.639718805,1.66,10,11,9,11.11,22.22
502,14000US08059060500,8059060500,0.123476631,126313,0.217980296,7467,0.505289942,0.494710058,0.232582688,0.212804006,2.64,3,4,3,0,33.33
503,14000US08059010701,8059010701,0.061776955,56117,0.232048574,4322,0.494447015,0.505552985,0.324709609,0.473249027,2.06,15,17,15,0,13.33
504,14000US08059012032,8059012032,0.057860678,100929,0.344377042,2627,0.535972592,0.464027408,0.279981335,0.055555556,2.52,0,0,0,0,0
505,14000US08059009846,8059009846,0.038230241,123750,0.230769231,4656,0.49742268,0.50257732,0.352427714,0.072736787,2.44,0,0,0,0,0
506,14000US08059009845,8059009845,0.043846899,157422,0.260499266,4128,0.505571705,0.494428295,0.31277533,0.079590677,2.35,0,0,0,0,0
507,14000US08059009848,8059009848,0.067198178,124716,0.229302559,2634,0.484813971,0.515186029,0.399397893,0.243876464,2.71,0,0,0,0,0
508,14000US08059009806,8059009806,0.06202144,101033,0.233058898,3918,0.46273609,0.53726391,0.317922736,0.176096631,2.48,0,2,1,-100,100
509,14000US08059009808,8059009808,0.07236506,100962,0.287772664,5873,0.521368977,0.478631023,0.22273364,0.270510836,2.27,0,1,1,-100,0
511,14000US08059009829,8059009829,0.108260646,115536,0.229017567,1949,0.502308876,0.497691124,0.238776838,0.053900709,2.76,1,1,1,0,0
512,14000US08059010306,8059010306,0.07221665,64432,0.314408771,2991,0.502173186,0.497826814,0.309318716,0.341872792,2.62,5,6,5,0,20
513,14000US08059012033,8059012033,0.043862752,111898,0.219298246,2827,0.503714185,0.496285815,0.238512949,0.075313808,2.37,0,0,0,0,0
514,14000US08059012022,8059012022,0.049017933,105528,0.292652027,5855,0.474295474,0.525704526,0.205025338,0.168122271,2.56,0,2,1,-100,100
515,14000US08059011723,8059011723,0.124345189,52731,0.209019092,3627,0.53101737,0.46898263,0.246543779,0.594167679,2.18,0,2,1,-100,100
516,14000US08059009840,8059009840,0.035863874,74975,0.226213592,3820,0.497120419,0.502879581,0.324919094,0.325141777,2.35,0,1,0,0,0
517,14000US08059009843,8059009843,0.030758226,110208,0.232419182,8388,0.521578445,0.478421555,0.260916194,0.233806292,2.58,2,3,2,0,50
518,14000US08059012031,8059012031,0.040811339,123750,0.230932203,4092,0.529081134,0.470918866,0.289043584,0.08534202,2.67,0,0,0,0,0
519,14000US08059012037,8059012037,0.027195467,97917,0.260484928,3530,0.509348442,0.490651558,0.260157274,0.097333333,2.35,0,0,0,0,0
520,14000US08059012042,8059012042,0.063429914,100929,0.253701876,3831,0.513703994,0.486296006,0.279368213,0.06853353,2.81,0,2,1,-100,100
521,14000US08059009839,8059009839,0.071008403,108029,0.254263566,2380,0.544957983,0.455042017,0.249095607,0.016412661,2.79,0,1,0,0,0
522,14000US08059009842,8059009842,0.044046983,128156,0.206955923,3746,0.506139883,0.493860117,0.365702479,0.102491103,2.67,0,0,0,0,0
523,14000US08059010000,8059010000,0.110932763,46434,0.508140856,5607,0.64972356,0.35027644,0.292692162,0.669760247,2.3,15,19,16,-6.25,18.75
524,14000US08059010100,8059010100,0.04938989,77852,0.319937486,5163,0.539221383,0.460778617,0.243357892,0.521845852,2.42,12,17,15,-20,13.33
525,14000US08059010205,8059010205,0.015295577,101042,0.202427184,2419,0.508474576,0.491525424,0.382038835,0.130658436,2.48,2,3,2,0,50
526,14000US08059012052,8059012052,0.051219051,94792,0.219067897,5291,0.477603478,0.522396522,0.202980837,0.120818772,2.64,0,1,0,0,0
527,14000US08059009807,8059009807,0.064829822,71204,0.242567568,1851,0.491626148,0.508373852,0.305405405,0.377723971,2.24,5,7,6,-16.67,16.67
528,14000US08059060400,8059060400,0.116011236,97000,0.263122018,3560,0.534831461,0.465168539,0.217791411,0.145579268,2.71,4,9,6,-33.33,50
529,14000US08059009827,8059009827,0.174526085,74211,0.260175579,6383,0.485665048,0.514334952,0.236831604,0.276508972,2.6,2,5,3,-33.33,66.67
530,14000US08059009830,8059009830,0.103992572,61250,0.286186021,2154,0.444753946,0.555246054,0.223995597,0.230843841,2.09,2,3,3,-33.33,0
531,14000US08059010206,8059010206,0.044964029,85286,0.204216488,3892,0.505909558,0.494090442,0.287916929,0.259574468,2.36,4,5,4,0,25
532,14000US08059010208,8059010208,0.09185768,76825,0.260378965,5846,0.48272323,0.51727677,0.301469023,0.229035167,2.63,7,9,8,-12.5,12.5
533,14000US08059010209,8059010209,0.128768368,63294,0.273496241,6601,0.448871383,0.551128617,0.258834586,0.242868157,2.54,3,5,3,0,66.67
534,14000US08059010210,8059010210,0.114315407,93095,0.196567863,3849,0.499090673,0.500909327,0.295163807,0.182539683,2.53,1,1,1,0,0
535,14000US08059010211,8059010211,0.110715264,62823,0.202600958,3649,0.450534393,0.549465607,0.406570842,0.495702006,2.5,6,6,6,0,0
536,14000US08059010212,8059010212,0.107451923,68125,0.234918794,4160,0.505769231,0.494230769,0.251450116,0.333532934,2.46,3,4,3,0,33.33
537,14000US08059010213,8059010213,0.093271555,56397,0.247597931,4964,0.486704271,0.513295729,0.287755605,0.270284793,2.64,5,6,6,-16.67,0
538,14000US08059010303,8059010303,0.067501361,79309,0.240008881,5511,0.497550354,0.502449646,0.306616341,0.278532609,2.49,1,1,1,0,0
539,14000US08059009831,8059009831,0.23490965,68533,0.276106934,2601,0.501345636,0.498654364,0.113617377,1,2.04,15,25,17,-11.76,47.06
540,14000US08059009832,8059009832,0.124679135,75703,0.214638527,2727,0.525119179,0.474880821,0.242478671,0.271975181,2.81,6,10,6,0,66.67
541,14000US08059009833,8059009833,0.114856852,68947,0.246352647,5903,0.428765035,0.571234965,0.288036682,0.270597738,2.38,4,6,5,-20,20
542,14000US08059009834,8059009834,0.08183776,64504,0.225205479,4179,0.480258435,0.519741565,0.235068493,0.256472887,2.04,3,4,4,-25,0
543,14000US08059009835,8059009835,0.034464475,101975,0.237864078,3772,0.472163309,0.527836691,0.309708738,0.035343035,2.61,2,3,2,0,50
544,14000US08059009836,8059009836,0.072132724,114342,0.163037081,4159,0.478239962,0.521760038,0.322248381,0.043650794,2.75,0,0,0,0,0
545,14000US08059010304,8059010304,0.079103955,78281,0.218342448,2857,0.497374869,0.502625131,0.313420278,0.320319432,2.54,3,5,4,-25,25
546,14000US08059010305,8059010305,0.103558152,60593,0.240124417,3766,0.524163569,0.475836431,0.246345257,0.421210306,2.25,10,13,10,0,30
547,14000US08059010307,8059010307,0.118549512,50645,0.245045916,5019,0.466029089,0.533970911,0.256887385,0.596351731,2.34,4,5,4,0,25
548,14000US08059010308,8059010308,0.086634081,83769,0.201409034,5933,0.492836676,0.507163324,0.263572317,0.287665729,2.37,18,24,20,-10,20
549,14000US08059010402,8059010402,0.070993489,48013,0.261915998,4761,0.411468179,0.588531821,0.240915526,0.557616417,1.8,3,7,6,-50,16.67
550,14000US08059010405,8059010405,0.096904937,43045,0.293577982,2714,0.465364775,0.534635225,0.252075142,0.889659521,1.71,18,21,20,-10,5
551,14000US08059010406,8059010406,0.057475728,39359,0.250126839,2575,0.485825243,0.514174757,0.291730086,0.445883441,2.38,9,12,10,-10,20
552,14000US08059009838,8059009838,0.069051878,137992,0.203646697,5590,0.463148479,0.536851521,0.2500592,0.03158431,2.85,0,1,0,0,0
553,14000US08059010502,8059010502,0.143659245,61296,0.256591337,5165,0.496418199,0.503581801,0.336864407,0.287918871,2.25,29,37,34,-14.71,8.82
554,14000US08059010503,8059010503,0.070875114,52820,0.22877818,4388,0.460346399,0.539653601,0.357639855,0.385505788,2.19,20,24,23,-13.04,4.35
555,14000US08059010504,8059010504,0.044107744,113125,0.24312115,2970,0.45016835,0.54983165,0.365092402,0.065853659,2.41,7,11,10,-30,10
556,14000US08059010604,8059010604,0.133280128,59052,0.297283951,2506,0.44972067,0.55027933,0.304197531,0.430451128,2.36,15,19,16,-6.25,18.75
557,14000US08059010702,8059010702,0.118209167,58847,0.211172239,5651,0.527694213,0.472305787,0.212230216,0.654747226,2.29,10,12,10,0,20
558,14000US08059010801,8059010801,0.090459901,104125,0.229366165,2631,0.475104523,0.524895477,0.348837209,0.109810981,2.37,5,7,6,-16.67,16.67
559,14000US08059010901,8059010901,0.067480977,72762,0.252525253,4994,0.494593512,0.505406488,0.258438039,0.305995204,2.39,7,10,8,-12.5,25
560,14000US08059010902,8059010902,0.141162969,45774,0.239464551,2614,0.518362663,0.481637337,0.242935052,0.766034327,2.35,22,29,24,-8.33,20.83
561,14000US08059011000,8059011000,0.060500475,61345,0.224572981,6314,0.52296484,0.47703516,0.274650621,0.535814326,2.41,19,25,21,-9.52,19.05
562,14000US08059011100,8059011100,0.132139236,49234,0.218325123,5918,0.528725921,0.471274079,0.263054187,0.523741521,2.07,23,28,24,-4.17,16.67
563,14000US08059011202,8059011202,0.059390364,75875,0.292608286,5085,0.47394297,0.52605703,0.282956685,0.270881671,2.62,9,11,10,-10,10
564,14000US08059011300,8059011300,0.071981924,47896,0.269408148,3098,0.483214977,0.516785023,0.239431207,0.37248089,2.15,5,7,6,-16.67,16.67
565,14000US08059011550,8059011550,0.085700132,38367,0.30938446,6056,0.518494055,0.481505945,0.268617558,0.738846946,2.05,32,40,34,-5.88,17.65
566,14000US08059011601,8059011601,0.087358142,56964,0.189105858,3789,0.457376617,0.542623383,0.349092155,0.414526779,2.61,7,10,8,-12.5,25
567,14000US08059011602,8059011602,0.134267241,54764,0.259520451,4640,0.555387931,0.444612069,0.277009873,0.404627892,2.89,14,17,15,-6.67,13.33
568,14000US08059011701,8059011701,0.089552239,75532,0.243946889,4489,0.429939853,0.570060147,0.304347826,0.231854839,2.26,23,30,26,-11.54,15.38
569,14000US08059011708,8059011708,0.072736393,78208,0.20456621,3987,0.489841986,0.510158014,0.329375951,0.118437118,2.43,5,7,6,-16.67,16.67
570,14000US08059011709,8059011709,0.100085543,58551,0.270812767,3507,0.518676932,0.481323068,0.272458045,0.409722222,2.21,0,1,0,0,0
571,14000US08059011710,8059011710,0.107676455,62250,0.245597776,3882,0.505409583,0.494590417,0.279888786,0.392974753,2.13,2,5,4,-50,25
572,14000US08059011711,8059011711,0.109620196,64759,0.253178552,4397,0.479190357,0.520809643,0.24737424,0.35915493,2.38,0,1,1,-100,0
573,14000US08059011712,8059011712,0.07688808,86139,0.230960953,4396,0.450636943,0.549363057,0.279423982,0.138842046,2.47,0,2,1,-100,100
574,14000US08005004951,8005004951,0.255609327,51071,0.280510018,2273,0.579410471,0.420589529,0.068761384,0.838450292,1.66,1,1,1,0,0
575,14000US08005086500,8005086500,0.212502382,90276,0.224641267,5247,0.509815132,0.490184868,0.269668481,0.394114556,2.76,0,0,0,0,0
576,14000US08005080600,8005080600,0.286338479,50688,0.230796335,3433,0.397611419,0.602388581,0.242424242,0.514317181,1.89,6,7,6,0,16.67
577,14000US08005007106,8005007106,0.218797118,122614,0.211428571,5969,0.50929804,0.49070196,0.178742857,0.036413043,3.24,0,0,0,0,0
578,14000US08005007104,8005007104,0.304526016,95574,0.233131923,5612,0.602993585,0.397006415,0.247985901,0.322359396,3.23,8,12,9,-11.11,33.33
579,14000US08005007105,8005007105,0.377289932,84410,0.233718937,6605,0.509765329,0.490234671,0.231362468,0.170670671,3.31,5,5,5,0,0
580,14000US08005083800,8005083800,0.354255669,70072,0.311530398,3043,0.504765035,0.495234965,0.209224319,0.277119417,2.71,8,9,8,0,12.5
581,14000US08059011720,8059011720,0.163904236,95714,0.256554766,4887,0.491712707,0.508287293,0.270031855,0.17624148,2.38,0,1,1,-100,0
582,14000US08059011721,8059011721,0.055145631,93052,0.213565536,2575,0.483495146,0.516504854,0.277726856,0.348837209,2.22,2,6,4,-50,50
583,14000US08059011724,8059011724,0.084375,152559,0.260666396,6400,0.4809375,0.5190625,0.223283218,0.015521064,2.84,0,1,1,-100,0
584,14000US08059011725,8059011725,0.063230606,92868,0.26295082,1882,0.535069075,0.464930925,0.285245902,0.115007013,2.62,0,3,1,-100,200
585,14000US08059011726,8059011726,0.136947456,100479,0.246811095,5995,0.489574646,0.510425354,0.307754606,0.087114338,2.72,3,7,5,-40,40
586,14000US08059011727,8059011727,0.134011874,83726,0.247928406,3537,0.483743285,0.516256715,0.33808419,0.132285527,2.31,6,9,7,-14.29,28.57
587,14000US08039961204,8039961204,0.074828263,122218,0.27537831,8152,0.513002944,0.486997056,0.279949559,0.032036613,3.11,0,0,0,0,0
588,14000US08035014010,8035014010,0.215669168,99853,0.244651163,5731,0.52067702,0.47932298,0.159534884,0.42393321,2.66,0,1,0,0,0
589,14000US08035014007,8035014007,0.384563758,79583,0.261341605,2980,0.498322148,0.501677852,0.168670027,0.778610354,2.03,0,1,0,0,0
590,14000US08035014126,8035014126,0.185619582,83750,0.226876091,1961,0.495665477,0.504334523,0.205933682,0.553501946,1.91,5,8,6,-16.67,33.33
591,14000US08035014130,8035014130,0.098354232,122596,0.2881926,7656,0.484456635,0.515543365,0.195078775,0.087449393,3.1,4,5,4,0,25
592,14000US08035014008,8035014008,0.138064064,137611,0.277473413,8554,0.484334814,0.515665186,0.168707702,0.041150765,3.12,0,1,1,-100,0
593,14000US08035014011,8035014011,0.175235849,99643,0.205160879,4240,0.49245283,0.50754717,0.218540937,0.502290951,2.42,14,23,17,-17.65,35.29
594,14000US08035014127,8035014127,0.115105301,157768,0.260432008,5508,0.487654321,0.512345679,0.307560137,0.030555556,3.06,0,0,0,0,0
595,14000US08001007802,8001007802,0.627572899,30598,0.267089703,4664,0.475128645,0.524871355,0.325064898,0.912110727,3.21,20,22,19,5.26,15.79
596,14000US08001008550,8001008550,0.086244019,90275,0.218239492,8360,0.510885167,0.489114833,0.228231562,0.117339312,3.12,4,3,3,33.33,0
597,14000US08001008549,8001008549,0.15171442,95275,0.210113065,4258,0.505636449,0.494363551,0.216080402,0.152659985,3.28,1,0,0,0,0
598,14000US08001008545,8001008545,0.125935162,113500,0.280430029,7218,0.501385425,0.498614575,0.236698251,0.085115865,3.21,2,7,7,-71.43,0
599,14000US08001008544,8001008544,0.156823911,123382,0.221765914,5554,0.480014404,0.519985596,0.194558522,0.104265403,3.29,1,0,0,0,0
600,14000US08001008547,8001008547,0.077563769,81488,0.239456257,3842,0.465122332,0.534877668,0.250609969,0.26071741,3.18,2,2,2,0,0
601,14000US08001008548,8001008548,0.196932515,93750,0.114942529,1630,0.455214724,0.544785276,0.275862069,0.140410959,2.79,0,0,0,0,0
602,14000US08001009207,8001009207,0.158518827,65879,0.229765708,4807,0.506969004,0.493030996,0.252129925,0.484926235,3.08,2,4,4,-50,0
603,14000US08035014129,8035014129,0.112191277,129875,0.250452407,3806,0.519442985,0.480557015,0.184943902,0.042105263,3.08,0,1,0,0,0
604,14000US08035014124,8035014124,0.056293835,144281,0.263403837,5418,0.508121078,0.491878922,0.182242991,0.08907563,3.04,3,3,3,0,0
605,14000US08035014006,8035014006,0.181711606,134611,0.22125951,6824,0.50630129,0.49369871,0.247464074,0.02525725,3.19,0,0,0,0,0
606,14000US08001009327,8001009327,0.125591296,75893,0.214263757,4228,0.529564806,0.470435194,0.316015985,0.220685112,2.79,5,9,8,-37.5,12.5
607,14000US08001009752,8001009752,0.180795848,67850,0.241108199,3468,0.523644752,0.476355248,0.302882815,0.361702128,3.31,5,6,5,0,20
608,14000US08001008536,8001008536,0.15071473,115000,0.178464178,3218,0.476382846,0.523617154,0.181896182,0.081300813,3.27,0,0,0,0,0
609,14000US08001008546,8001008546,0.164117968,79485,0.224069389,3662,0.530311305,0.469688695,0.241778099,0.207936508,2.91,1,1,1,0,0
610,14000US08001009206,8001009206,0.21134249,71250,0.229093051,2257,0.468763846,0.531236154,0.258539458,0.17450495,2.79,7,5,5,40,0
611,14000US08001009751,8001009751,0.099028106,48767,0.383828996,3807,0.466246388,0.533753612,0.207868649,0.391238671,2.86,9,9,9,0,0
612,14000US08001008709,8001008709,0.246434826,41538,0.255116198,7994,0.500875657,0.499124343,0.345820326,0.621792341,3.11,52,56,48,8.33,16.67
613,14000US08013013506,8013013506,0.096317916,105559,0.275708727,4454,0.43960485,0.56039515,0.313507504,0.105034183,2.77,1,1,1,0,0
614,14000US08013013508,8013013508,0.119571269,84801,0.278140886,7184,0.485244989,0.514755011,0.281227306,0.204752475,2.85,1,1,1,0,0
615,14000US08013061400,8013061400,0.233009709,128042,0.352188552,4017,0.471496141,0.528503859,0.179124579,0.185042406,3.1,0,0,0,0,0
616,14000US08031006701,8031006701,0.145279819,76866,0.208648322,3538,0.57518372,0.42481628,0.101300272,0.947539461,1.64,9,15,11,-18.18,36.36
617,14000US08031000102,8031000102,0.181363904,87798,0.190297233,3402,0.528218695,0.471781305,0.206354629,0.288902666,2.11,7,9,8,-12.5,12.5
618,14000US08031000202,8031000202,0.189426209,57181,0.191937984,3991,0.47607116,0.52392884,0.307286822,0.4945308,2.3,20,23,20,0,15
619,14000US08031000301,8031000301,0.138135593,72173,0.187780597,5900,0.429322034,0.570677966,0.276595745,0.322478992,2.05,15,17,15,0,13.33
620,14000US08031000302,8031000302,0.121595119,94661,0.261366523,4589,0.483329701,0.516670299,0.18516637,0.305959643,2.14,8,10,8,0,25
621,14000US08013061300,8013061300,0.160621762,167917,0.242730721,3281,0.510210302,0.489789698,0.224610198,0.051741294,3.26,2,3,2,0,50
622,14000US08013013212,8013013212,0.155254091,81354,0.275327453,4644,0.494832041,0.505167959,0.254210104,0.383060109,2.53,5,8,6,-16.67,33.33
623,14000US08013013507,8013013507,0.133432836,76862,0.272093876,3350,0.530746269,0.469253731,0.248258159,0.199665831,2.8,3,3,3,0,0
624,14000US08123002007,8123002007,0.094958465,109921,0.183914729,6982,0.50315096,0.49684904,0.272868217,0.163231657,2.88,1,1,0,0,0
625,14000US08123001907,8123001907,0.109626584,75694,0.213483146,2919,0.511819116,0.488180884,0.308556612,0.250996016,2.91,0,0,0,0,0
626,14000US08123002014,8123002014,0.092217484,74681,0.242029928,1876,0.538379531,0.461620469,0.248536109,0.176712329,2.57,0,0,0,0,0
627,14000US08035013901,8035013901,0.0891339,118603,0.22050608,7528,0.504516472,0.495483528,0.255997371,0.215568862,2.65,0,1,0,0,0
628,14000US08035014109,8035014109,0.057080925,121857,0.199916701,2768,0.499638728,0.500361272,0.435235319,0.199490662,2.33,1,1,1,0,0
629,14000US08035014110,8035014110,0.190526876,82215,0.296577073,5637,0.505410679,0.494589321,0.213875488,0.38239159,2.47,0,0,0,0,0
630,14000US08035014112,8035014112,0.080194411,122097,0.206339144,4115,0.512515188,0.487484812,0.296671949,0.148046607,2.82,3,4,3,0,33.33
631,14000US08031000401,8031000401,0.158494869,66136,0.209180098,3508,0.468928164,0.531071836,0.235459005,0.469262295,2.38,9,10,9,0,11.11
632,14000US08035014113,8035014113,0.158463004,133295,0.261162595,3149,0.513813909,0.486186091,0.186183656,0.216374269,3.07,2,3,2,0,50
633,14000US08035014114,8035014114,0.192172897,84300,0.245159059,3424,0.497955607,0.502044393,0.213001383,0.29664723,2.5,3,3,3,0,0
634,14000US08031000501,8031000501,0.111214087,114896,0.217587373,2158,0.480074143,0.519925857,0.177001127,0.257559958,2.25,7,10,8,-12.5,25
635,14000US08031000502,8031000502,0.187029432,69858,0.226682887,5844,0.517967146,0.482032854,0.26459854,0.471330689,2.09,8,10,8,0,25
636,14000US08031000600,8031000600,0.115007899,62664,0.273106324,3165,0.485624013,0.514375987,0.099027102,0.778913394,1.7,7,8,7,0,14.29
637,14000US08031000904,8031000904,0.268953753,26511,0.225619399,5276,0.524071266,0.475928734,0.375329468,0.664902065,2.79,6,8,6,0,33.33
638,14000US08031003601,8031003601,0.403611836,52188,0.248128639,4596,0.523498695,0.476501305,0.237316329,0.478784404,2.63,20,22,19,5.26,15.79
639,14000US08031006812,8031006812,0.155752212,66462,0.225172891,3955,0.502149178,0.497850822,0.31120332,0.314500942,1.86,14,13,13,7.69,0
640,14000US08031001600,8031001600,0.236715819,83503,0.206526895,11461,0.566006457,0.433993543,0.145052652,0.814987451,1.9,50,55,49,2.04,12.24
641,14000US08031000701,8031000701,0.266695766,37008,0.231824062,4582,0.486687036,0.513312964,0.322380336,0.761904762,2.11,25,29,26,-3.85,11.54
642,14000US08031002300,8031002300,0.429272568,84200,0.243637155,5705,0.420858896,0.579141104,0.19121166,0.442844677,2.47,13,18,14,-7.14,28.57
643,14000US08031005102,8031005102,0.107091997,76105,0.268502582,3511,0.492737112,0.507262888,0.200688468,0.303149606,2.3,3,3,3,0,0
644,14000US08031001301,8031001301,0.143515107,53180,0.139586411,5428,0.501842299,0.498157701,0.372968981,0.471916618,3.13,18,22,19,-5.26,15.79
645,14000US08031001302,8031001302,0.230372915,42474,0.214239272,4076,0.500981354,0.499018646,0.353055917,0.392807746,2.82,15,16,15,0,6.67
646,14000US08031001401,8031001401,0.29352474,43287,0.220445344,6548,0.520922419,0.479077581,0.374898785,0.512216793,2.9,11,13,11,0,18.18
647,14000US08031001402,8031001402,0.420424671,45840,0.229922992,4945,0.534277048,0.465722952,0.29620462,0.397011046,3.21,3,5,4,-25,25
648,14000US08031001403,8031001403,0.187519119,58583,0.243481325,3269,0.562557357,0.437442643,0.199436223,0.676691729,2.02,25,30,26,-3.85,15.38
649,14000US08005007302,8005007302,0.579622503,35577,0.279205298,5457,0.536008796,0.463991204,0.298807947,0.794829483,2.99,29,32,28,3.57,14.29
650,14000US08031005300,8031005300,0.180487805,44770,0.253194888,1435,0.524041812,0.475958188,0.391373802,0.614060258,1.93,31,35,31,0,12.9
651,14000US08031005502,8031005502,0.113092445,77039,0.237163814,2131,0.502111685,0.497888315,0.363691932,0.461412151,2.72,12,13,12,0,8.33
652,14000US08031005503,8031005503,0.184116284,78260,0.198617389,4747,0.476090162,0.523909838,0.305237969,0.203943662,2.61,4,4,4,0,0
653,14000US08031006804,8031006804,0.131445905,87010,0.183073011,2967,0.544657904,0.455342096,0.245550309,0.524904215,1.89,17,23,19,-10.53,21.05
655,14000US08031006809,8031006809,0.146502591,68333,0.214045288,7720,0.524352332,0.475647668,0.256425949,0.485090522,2.05,41,44,40,2.5,10
656,14000US08031006810,8031006810,0.275843503,64865,0.283741368,5572,0.472002872,0.527997128,0.261351747,0.388589052,2.15,16,20,17,-5.88,17.65
657,14000US08031006811,8031006811,0.275452842,65549,0.273645546,6404,0.489381636,0.510618364,0.243709826,0.6048,2.04,16,13,14,14.29,-7.14
658,14000US08031006813,8031006813,0.346,48647,0.293076923,4500,0.452,0.548,0.183076923,0.801924619,1.8,7,9,7,0,28.57
659,14000US08059060300,8059060300,0.140682757,98136,0.245517241,4599,0.484235703,0.515764297,0.178482759,0.088661037,2.77,2,3,2,0,50
660,14000US08059009823,8059009823,0.065931823,95915,0.288597641,4899,0.492141253,0.507858747,0.202096986,0.186498856,2.8,0,0,0,0,0
661,14000US08031006901,8031006901,0.286021505,45613,0.301545874,6045,0.515136476,0.484863524,0.263200161,0.695560993,2.01,15,15,14,7.14,7.14
662,14000US08031007013,8031007013,0.214905564,68773,0.208007225,3918,0.451250638,0.548749362,0.226971704,0.320975114,1.99,3,4,3,0,33.33
663,14000US08031007037,8031007037,0.60284951,39530,0.260132222,4492,0.553650935,0.446349065,0.221327968,0.835007932,2.38,7,8,7,0,14.29
664,14000US08031007088,8031007088,0.36749322,64450,0.228006365,5162,0.495544363,0.504455637,0.278245056,0.728635075,2.07,7,8,7,0,14.29
665,14000US08031007089,8031007089,0.209251969,32500,0.181480718,5080,0.390944882,0.609055118,0.581150753,0.267706131,1.34,9,11,9,0,22.22
666,14000US08001009320,8001009320,0.165843331,42004,0.378715244,2834,0.469654199,0.530345801,0.260786194,0.607787274,2.69,3,4,3,0,33.33
667,14000US08001009322,8001009322,0.166092202,50230,0.237536657,4642,0.501292546,0.498707454,0.285337243,0.163366337,2.87,6,8,7,-14.29,14.29
668,14000US08001009323,8001009323,0.159340659,56250,0.240494297,4004,0.48026973,0.51973027,0.210392902,0.630568883,2.74,10,22,20,-50,10
669,14000US08001009325,8001009325,0.090576923,75020,0.233111976,5200,0.475961538,0.524038462,0.281657889,0.527929441,2.18,5,5,5,0,0
670,14000US08001009401,8001009401,0.165364831,62046,0.214435879,5249,0.500476281,0.499523719,0.325157673,0.329757199,2.96,2,4,3,-33.33,33.33
671,14000US08059009824,8059009824,0.135353955,86204,0.292005242,4817,0.514428067,0.485571933,0.194495413,0.178651685,2.71,2,2,2,0,0
672,14000US08031008304,8031008304,0.365498519,49402,0.277661064,4052,0.495064166,0.504935834,0.371148459,0.325,3.9,5,6,5,0,20
673,14000US08031008305,8031008305,0.407212147,51837,0.244430499,4742,0.494727963,0.505272037,0.357389394,0.399260628,4.38,9,10,9,0,11.11
674,14000US08031008306,8031008306,0.48284554,46250,0.276318428,7141,0.498109508,0.501890492,0.347503509,0.503691983,3.76,25,27,25,0,8
675,14000US08001009406,8001009406,0.178815239,66458,0.223578291,4541,0.50891874,0.49108126,0.243053752,0.423894314,2.61,6,7,6,0,16.67
676,14000US08001009407,8001009407,0.23888233,63004,0.234846497,5082,0.500196773,0.499803227,0.267908685,0.367705382,2.88,6,6,6,0,0
677,14000US08001009409,8001009409,0.094235231,109363,0.22808174,5603,0.484918794,0.515081206,0.277521424,0.152452497,2.48,4,8,5,-20,60
678,14000US08001009410,8001009410,0.085704939,118472,0.269290123,3057,0.494602552,0.505397448,0.325617284,0.065934066,2.58,0,1,0,0,0
679,14000US08001009411,8001009411,0.10805501,83798,0.244783307,3054,0.555664702,0.444335298,0.209069021,0.301185771,2.41,2,3,2,0,50
680,14000US08001009501,8001009501,0.173698799,50887,0.26509512,3247,0.53618725,0.46381275,0.303970223,0.420918367,2.76,2,3,2,0,50
681,14000US08001009502,8001009502,0.168018299,71337,0.251227707,4809,0.532751092,0.467248908,0.295942104,0.15942029,3.17,18,20,19,-5.26,5.26
682,14000US08001008000,8001008000,0.428456978,50483,0.276846398,6241,0.508732575,0.491267425,0.307430902,0.48421646,3.51,12,14,12,0,16.67
683,14000US08001008100,8001008100,0.292459016,46875,0.234087694,1525,0.468852459,0.531147541,0.346534653,0.963431786,1.77,34,58,36,-5.56,61.11
684,14000US08001008200,8001008200,0.40975053,62689,0.267984014,6133,0.505625306,0.494374694,0.305506217,0.257853403,3.85,49,57,49,0,16.33
685,14000US08001008308,8001008308,0.435166817,41619,0.265149641,5545,0.512353472,0.487646528,0.348008904,0.419073569,3.02,20,23,20,0,15
686,14000US08001008309,8001008309,0.48511469,55024,0.231646472,4098,0.532942899,0.467057101,0.302209551,0.351800554,3.78,62,74,65,-4.62,13.85
687,14000US08001008505,8001008505,0.060651905,69758,0.226418378,7271,0.506670334,0.493329666,0.304733728,0.285473684,3.06,9,10,9,0,11.11
688,14000US08001008506,8001008506,0.142464565,42010,0.240506329,6914,0.491611224,0.508388776,0.293559196,0.805299963,2.48,2,5,5,-60,0
689,14000US08001008507,8001008507,0.111724344,81630,0.275902901,6704,0.515960621,0.484039379,0.211367673,0.207377866,3.34,8,4,4,100,0
690,14000US08031980000,8031980000,0.439104674,54592,0.238351254,1519,0.462804477,0.537195523,0.174731183,0.297169811,2.39,13,15,13,0,15.38
691,14000US08031011902,8031011902,0.231698226,62180,0.18380744,6707,0.4890413,0.5109587,0.258752735,0.431582708,2.4,9,13,11,-18.18,18.18
692,14000US08031011903,8031011903,0.121259843,61750,0.196990424,2540,0.465748031,0.534251969,0.363429093,0.272916667,2.65,4,6,5,-20,20
693,14000US08031012001,8031012001,0.109313725,78696,0.220936639,2040,0.506862745,0.493137255,0.384573003,0.230088496,2.26,1,1,1,0,0
694,14000US08001008508,8001008508,0.123812754,80117,0.249496081,5896,0.506105834,0.493894166,0.231354983,0.350282486,3.03,2,3,2,0,50
695,14000US08001008524,8001008524,0.147171163,103340,0.215503876,8378,0.502029124,0.497970876,0.236744186,0.111978151,3.27,3,3,3,0,0
696,14000US08001008526,8001008526,0.141874463,88182,0.250784857,6978,0.50874176,0.49125824,0.229362881,0.236198738,2.75,0,0,0,0,0
697,14000US08001060100,8001060100,0.119093354,94191,0.190362677,7809,0.5160712,0.4839288,0.259322322,0.14699793,3.23,0,4,2,-100,100
698,14000US08001060200,8001060200,0.151760228,64154,0.24078341,4204,0.489533777,0.510466223,0.177131336,0.582908885,2.38,2,3,2,0,50
699,14000US08031012014,8031012014,0.094015772,66708,0.254135612,6467,0.487242926,0.512757074,0.210325395,0.382343499,2.08,2,3,3,-33.33,0
700,14000US08001008538,8001008538,0.129580807,108472,0.26641294,7586,0.494199842,0.505800158,0.202854424,0.098447894,3.36,3,3,3,0,0
701,14000US08001015000,8001015000,0.164886515,39675,0.246634824,2996,0.489319092,0.510680908,0.419887104,0.271099744,2.55,28,28,24,16.67,16.67
702,14000US08059980400,8059980400,0.21291866,0,0.335725678,1254,1,0,0.459330144,0,0,0,0,0,0,0
698,14000US08001060200,8001060200,0.151760228,64154,0.24078341,4204,0.489533777,0.510466223,0.177131336,0.582908885,2.38,2,3,2,0,50
699,14000US08031012014,8031012014,0.094015772,66708,0.254135612,6467,0.487242926,0.512757074,0.210325395,0.382343499,2.08,2,3,3,-33.33,0
700,14000US08001008538,8001008538,0.129580807,108472,0.26641294,7586,0.494199842,0.505800158,0.202854424,0.098447894,3.36,3,3,3,0,0
701,14000US08001015000,8001015000,0.164886515,39675,0.246634824,2996,0.489319092,0.510680908,0.419887104,0.271099744,2.55,28,28,24,16.67,16.67
702,14000US08059980400,8059980400,0.21291866,0,0.335725678,1254,1,0,0.459330144,0,0,0,0,0,0,0
